[
{
  "model": "auth.group",
  "pk": 1,
  "fields": {
    "name": "admin",
    "permissions": [
      [
        "add_account",
        "accounts",
        "account"
      ],
      [
        "change_account",
        "accounts",
        "account"
      ],
      [
        "delete_account",
        "accounts",
        "account"
      ],
      [
        "view_account",
        "accounts",
        "account"
      ],
      [
        "add_application",
        "education",
        "application"
      ],
      [
        "change_application",
        "education",
        "application"
      ],
      [
        "delete_application",
        "education",
        "application"
      ],
      [
        "view_application",
        "education",
        "application"
      ],
      [
        "add_applicationstatus",
        "education",
        "applicationstatus"
      ],
      [
        "change_applicationstatus",
        "education",
        "applicationstatus"
      ],
      [
        "delete_applicationstatus",
        "education",
        "applicationstatus"
      ],
      [
        "view_applicationstatus",
        "education",
        "applicationstatus"
      ],
      [
        "add_grouping",
        "education",
        "grouping"
      ],
      [
        "change_grouping",
        "education",
        "grouping"
      ],
      [
        "delete_grouping",
        "education",
        "grouping"
      ],
      [
        "view_grouping",
        "education",
        "grouping"
      ],
      [
        "add_schedule",
        "education",
        "schedule"
      ],
      [
        "change_schedule",
        "education",
        "schedule"
      ],
      [
        "delete_schedule",
        "education",
        "schedule"
      ],
      [
        "view_schedule",
        "education",
        "schedule"
      ],
      [
        "add_status",
        "education",
        "status"
      ],
      [
        "change_status",
        "education",
        "status"
      ],
      [
        "delete_status",

        "education",
        "status"
      ],
      [
        "view_status",
        "education",
        "status"
      ],
      [
        "add_studentgrouping",
        "education",
        "studentgrouping"
      ],
      [
        "change_studentgrouping",
        "education",
        "studentgrouping"
      ],
      [
        "delete_studentgrouping",
        "education",
        "studentgrouping"
      ],
      [
        "view_studentgrouping",
        "education",
        "studentgrouping"
      ],
      [
        "add_subject",
        "education",
        "subject"
      ],
      [
        "change_subject",
        "education",
        "subject"
      ],
      [
        "delete_subject",
        "education",
        "subject"
      ],
      [
        "view_subject",
        "education",
        "subject"
      ]
    ]
  }
},
{
  "model": "auth.group",
  "pk": 2,
  "fields": {
    "name": "student",
    "permissions": [
      [
        "change_account",
        "accounts",
        "account"
      ],
      [
        "view_account",
        "accounts",
        "account"
      ],
      [
        "view_grouping",
        "education",
        "grouping"
      ],
      [
        "view_schedule",
        "education",
        "schedule"
      ],
      [
        "view_studentgrouping",
        "education",
        "studentgrouping"
      ],
      [
        "view_subject",
        "education",
        "subject"
      ]
    ]
  }
},
{
  "model": "auth.group",
  "pk": 3,
  "fields": {
    "name": "teacher",
    "permissions": [
      [
        "change_account",
        "accounts",
        "account"
      ],
      [
        "view_account",
        "accounts",
        "account"
      ],
      [
        "view_grouping",
        "education",
        "grouping"
      ],
      [
        "view_schedule",
        "education",
        "schedule"
      ],
      [
        "view_studentgrouping",
        "education",
        "studentgrouping"
      ],
      [
        "view_subject",
        "education",
        "subject"
      ]
    ]
  }
},
{
  "model": "education.subject",
  "pk": 1,
  "fields": {
    "name": "математика",
    "is_deleted": false,
    "is_required": false
  }
},
{
  "model": "education.subject",
  "pk": 2,
  "fields": {
    "name": "физика",
    "is_deleted": false,
    "is_required": false
  }
},
{
  "model": "education.subject",
  "pk": 3,
  "fields": {
    "name": "информатика",
    "is_deleted": false,
    "is_required": false
  }
},
{
  "model": "education.subject",
  "pk": 4,
  "fields": {
    "name": "химия",
    "is_deleted": false,
    "is_required": false
  }
},
{
  "model": "education.status",
  "pk": 1,
  "fields": {
    "name": "Создана",
    "is_deleted": false
  }
},
{
  "model": "education.status",
  "pk": 2,
  "fields": {
    "name": "Успешно закрыта",
    "is_deleted": false
  }
},
{
  "model": "education.status",
  "pk": 3,
  "fields": {
    "name": "Отклонена",
    "is_deleted": false
  }
},
{
  "model": "education.status",
  "pk": 4,
  "fields": {
    "name": "Подписание договора",
    "is_deleted": false
  }
},
{
  "model": "education.application",
  "pk": 1,
  "fields": {
    "applicant_name": "Иван",
    "applicant_surname": "Иванов",
    "email": "",
    "phone": "+7(777)556-74",
    "created_at": "2022-12-11T08:16:23.438Z",
    "is_deleted": false,
    "subjects": [
      2
    ]
  }
},
{
  "model": "education.application",
  "pk": 2,
  "fields": {
    "applicant_name": "Степан",
    "applicant_surname": "Степанов",
    "email": "",
    "phone": "+7(775)567-41",
    "created_at": "2022-12-11T08:16:40.461Z",
    "is_deleted": false,
    "subjects": [
      2,
      4
    ]
  }
},
{
  "model": "education.applicationstatus",
  "pk": 1,
  "fields": {
    "application": 1,
    "status": 2,
    "created_at": "2022-12-11T08:17:30.653Z",
    "note": ""
  }
},
{
  "model": "education.applicationstatus",
  "pk": 2,
  "fields": {
    "application": 2,
    "status": 4,
    "created_at": "2022-12-11T08:17:33.404Z",
    "note": ""
  }
},
{
  "model": "education.applicationstatus",
  "pk": 3,
  "fields": {
    "application": 1,
    "status": 3,
    "created_at": "2022-12-11T08:17:36.666Z",
    "note": ""
  }
},
{
  "model": "education.grouping",
  "pk": 1,
  "fields": {
    "name": "физика-1",
    "subject": 2,
    "is_deleted": false
  }
},
{
  "model": "education.grouping",
  "pk": 2,
  "fields": {
    "name": "физика-2",
    "subject": 2,
    "is_deleted": false
  }
},
{
  "model": "education.grouping",
  "pk": 3,
  "fields": {
    "name": "математика-1",
    "subject": 1,
    "is_deleted": false
  }
},
{
  "model": "education.grouping",
  "pk": 4,
  "fields": {
    "name": "математика-2",
    "subject": 1,
    "is_deleted": false
  }
},
{
  "model": "education.grouping",
  "pk": 5,
  "fields": {
    "name": "математика-3",
    "subject": 1,
    "is_deleted": false
  }
},
{
  "model": "education.grouping",
  "pk": 6,
  "fields": {
    "name": "химия-1",
    "subject": 4,
    "is_deleted": false
  }
},
{
  "model": "education.grouping",
  "pk": 7,
  "fields": {
    "name": "химия-2",
    "subject": 4,
    "is_deleted": false
  }
},
{
  "model": "education.grouping",
  "pk": 8,
  "fields": {
    "name": "химия-3",
    "subject": 4,
    "is_deleted": false
  }
},
{
  "model": "education.grouping",
  "pk": 9,
  "fields": {
    "name": "информатика-1",
    "subject": 3,
    "is_deleted": false
  }
},
{
  "model": "education.grouping",
  "pk": 10,
  "fields": {
    "name": "информатика-2",
    "subject": 3,
    "is_deleted": false
  }
},
{
  "model": "education.grouping",
  "pk": 11,
  "fields": {
    "name": "информатика-3",
    "subject": 3,
    "is_deleted": false
  }
},
{
  "model": "education.schedule",
  "pk": 1,
  "fields": {
    "grouping": 1,
    "week_day": "monday",
    "time_start": "14:14:32",
    "is_deleted": false
  }
},
{
  "model": "education.schedule",
  "pk": 2,
  "fields": {
    "grouping": 1,
    "week_day": "tuesday",
    "time_start": "14:14:37",
    "is_deleted": false
  }
},
{
  "model": "education.schedule",
  "pk": 3,
  "fields": {
    "grouping": 1,
    "week_day": "wednesday",
    "time_start": "14:14:44",
    "is_deleted": false
  }
},
{
  "model": "education.schedule",
  "pk": 4,
  "fields": {
    "grouping": 2,
    "week_day": "wednesday",
    "time_start": "14:14:49",
    "is_deleted": false
  }
},
{
  "model": "education.schedule",
  "pk": 5,
  "fields": {
    "grouping": 2,
    "week_day": "friday",
    "time_start": "14:14:54",
    "is_deleted": false
  }
},
{
  "model": "education.schedule",
  "pk": 6,
  "fields": {
    "grouping": 3,
    "week_day": "monday",
    "time_start": "14:14:59",
    "is_deleted": false
  }
},
{
  "model": "education.schedule",
  "pk": 7,
  "fields": {
    "grouping": 3,
    "week_day": "wednesday",
    "time_start": "14:15:04",
    "is_deleted": false
  }
},
{
  "model": "education.schedule",
  "pk": 8,
  "fields": {
    "grouping": 5,
    "week_day": "wednesday",
    "time_start": "14:15:07",
    "is_deleted": false
  }
},
{
  "model": "education.schedule",
  "pk": 9,
  "fields": {
    "grouping": 5,
    "week_day": "friday",
    "time_start": "14:15:11",
    "is_deleted": false
  }
},
{
  "model": "education.schedule",
  "pk": 10,
  "fields": {
    "grouping": 6,
    "week_day": "wednesday",
    "time_start": "14:15:16",
    "is_deleted": false
  }
},
{
  "model": "education.schedule",
  "pk": 11,
  "fields": {
    "grouping": 9,
    "week_day": "thursday",
    "time_start": "14:15:20",
    "is_deleted": false
  }
},
{
  "model": "education.schedule",
  "pk": 12,
  "fields": {
    "grouping": 11,
    "week_day": "wednesday",
    "time_start": "14:15:23",
    "is_deleted": false
  }
},
{
  "model": "accounts.account",
  "pk": 1,
  "fields": {
    "password": "pbkdf2_sha256$390000$rnNSqWIF8uWVEEJqqC1Mhs$bfqpAOjya0Fkxtq2RFIxKJDqYVy74EPSisMZ8pMqZvE=",
    "last_login": "2022-12-12T03:57:32.267Z",
    "is_superuser": true,
    "first_name": "",
    "last_name": "",
    "is_staff": true,
    "is_active": true,
    "date_joined": "2022-12-11T08:08:46Z",
    "email": "root@root.kz",
    "avatar": "",
    "phone_number": "+77077777777",
    "groups": [
      [
        "admin"
      ]
    ],
    "user_permissions": []
  }
},
{
  "model": "accounts.account",
  "pk": 2,
  "fields": {
    "password": "1",
    "last_login": "2022-12-11T08:10:26Z",
    "is_superuser": false,
    "first_name": "Степан",
    "last_name": "Степанов",
    "is_staff": false,
    "is_active": true,
    "date_joined": "2022-12-11T08:10:19Z",
    "email": "qqq@mail.ru",
    "avatar": "",
    "phone_number": "+12125552368",
    "groups": [],
    "user_permissions": []
  }
},
{
  "model": "accounts.account",
  "pk": 3,
  "fields": {
    "password": "1",
    "last_login": null,
    "is_superuser": false,
    "first_name": "Игорь",
    "last_name": "Игорев",
    "is_staff": false,
    "is_active": true,
    "date_joined": "2022-12-11T08:11:10Z",
    "email": "sss@mail.ru",
    "avatar": "",
    "phone_number": "+12345678978",
    "groups": [],
    "user_permissions": []
  }
},
{
  "model": "accounts.account",
  "pk": 4,
  "fields": {
    "password": "1",
    "last_login": null,
    "is_superuser": false,
    "first_name": "Михаил",
    "last_name": "Михайлов",
    "is_staff": false,
    "is_active": true,
    "date_joined": "2022-12-11T08:11:54Z",
    "email": "user_1@mail.ru",
    "avatar": "",
    "phone_number": "+12345678974",
    "groups": [],
    "user_permissions": []
  }
},
{
  "model": "accounts.account",
  "pk": 5,
  "fields": {
    "password": "pbkdf2_sha256$390000$Zg8p2c5NZVO3BldkJAiL1E$cKmjjxeNbnoqWAwlslEjyKn38tWwZGke0F9nVXbNqhU=",
    "last_login": "2022-12-12T03:59:11.012Z",
    "is_superuser": false,
    "first_name": "student",
    "last_name": "student",
    "is_staff": false,
    "is_active": true,
    "date_joined": "2022-12-12T03:58:31.032Z",
    "email": "student@student.kz",
    "avatar": "",
    "phone_number": "+77085777777",
    "groups": [
      [
        "student"
      ]
    ],
    "user_permissions": []
  }
},
{
  "model": "education.studentgrouping",
  "pk": 1,
  "fields": {
    "grouping": 1,
    "student": [
      "root@root.kz"
    ],
    "enrolled_at": null,
    "expelled_at": null,
    "is_active": true
  }
},
{
  "model": "education.studentgrouping",
  "pk": 2,
  "fields": {
    "grouping": 1,
    "student": [
      "sss@mail.ru"
    ],
    "enrolled_at": null,
    "expelled_at": null,
    "is_active": true
  }
},
{
  "model": "education.studentgrouping",
  "pk": 3,
  "fields": {
    "grouping": 6,
    "student": [
      "root@root.kz"
    ],
    "enrolled_at": null,
    "expelled_at": null,
    "is_active": true
  }
},
{
  "model": "education.studentgrouping",
  "pk": 4,
  "fields": {
    "grouping": 1,
    "student": [
      "sss@mail.ru"
    ],
    "enrolled_at": null,
    "expelled_at": null,
    "is_active": true
  }
},
{
  "model": "education.studentgrouping",
  "pk": 5,
  "fields": {
    "grouping": 11,
    "student": [
      "sss@mail.ru"
    ],
    "enrolled_at": null,
    "expelled_at": null,
    "is_active": true
  }
},
{
  "model": "education.studentgrouping",
  "pk": 6,
  "fields": {
    "grouping": 5,
    "student": [
      "sss@mail.ru"
    ],
    "enrolled_at": null,
    "expelled_at": null,
    "is_active": true
  }
}
]
