[
{
  "model": "auth.group",
  "fields": {
    "name": "admin",
    "permissions": [
      [
        "add_account",
        "accounts",
        "account"
      ],
      [
        "change_account",
        "accounts",
        "account"
      ],
      [
        "delete_account",
        "accounts",
        "account"
      ],
      [
        "view_account",
        "accounts",
        "account"
      ],
      [
        "add_application",
        "education",
        "application"
      ],
      [
        "change_application",
        "education",
        "application"
      ],
      [
        "delete_application",
        "education",
        "application"
      ],
      [
        "view_application",
        "education",
        "application"
      ],
      [
        "add_applicationstatus",
        "education",
        "applicationstatus"
      ],
      [
        "change_applicationstatus",
        "education",
        "applicationstatus"
      ],
      [
        "delete_applicationstatus",
        "education",
        "applicationstatus"
      ],
      [
        "view_applicationstatus",
        "education",
        "applicationstatus"
      ],
      [
        "add_grouping",
        "education",
        "grouping"
      ],
      [
        "change_grouping",
        "education",
        "grouping"
      ],
      [
        "delete_grouping",
        "education",
        "grouping"
      ],
      [
        "view_grouping",
        "education",
        "grouping"
      ],
      [
        "add_schedule",
        "education",
        "schedule"
      ],
      [
        "change_schedule",
        "education",
        "schedule"
      ],
      [
        "delete_schedule",
        "education",
        "schedule"
      ],
      [
        "view_schedule",
        "education",
        "schedule"
      ],
      [
        "add_status",
        "education",
        "status"
      ],
      [
        "change_status",
        "education",
        "status"
      ],
      [
        "delete_status",
        "education",
        "status"
      ],
      [
        "view_status",
        "education",
        "status"
      ],
      [
        "add_studentgrouping",
        "education",
        "studentgrouping"
      ],
      [
        "change_studentgrouping",
        "education",
        "studentgrouping"
      ],
      [
        "delete_studentgrouping",
        "education",
        "studentgrouping"
      ],
      [
        "view_studentgrouping",
        "education",
        "studentgrouping"
      ],
      [
        "add_subject",
        "education",
        "subject"
      ],
      [
        "change_subject",
        "education",
        "subject"
      ],
      [
        "delete_subject",
        "education",
        "subject"
      ],
      [
        "view_subject",
        "education",
        "subject"
      ]
    ]
  }
},
{
  "model": "auth.group",
  "fields": {
    "name": "student",
    "permissions": [
      [
        "change_account",
        "accounts",
        "account"
      ],
      [
        "view_account",
        "accounts",
        "account"
      ],
      [
        "view_grouping",
        "education",
        "grouping"
      ],
      [
        "view_schedule",
        "education",
        "schedule"
      ],
      [
        "view_studentgrouping",
        "education",
        "studentgrouping"
      ],
      [
        "view_subject",
        "education",
        "subject"
      ]
    ]
  }
},
{
  "model": "auth.group",
  "fields": {
    "name": "teacher",
    "permissions": [
      [
        "change_account",
        "accounts",
        "account"
      ],
      [
        "view_account",
        "accounts",
        "account"
      ],
      [
        "view_grouping",
        "education",
        "grouping"
      ],
      [
        "view_schedule",
        "education",
        "schedule"
      ],
      [
        "view_studentgrouping",
        "education",
        "studentgrouping"
      ],
      [
        "view_subject",
        "education",
        "subject"
      ]
    ]
  }
},
{
  "model": "sessions.session",
  "pk": "7jfke84v8c4o4g0vfx4eqs2u4ae2ktyt",
  "fields": {
    "session_data": ".eJxVjMsOwiAURP-FtSEX5OnSvd9AuFyQqoGktCvjv9smXehqkjln5s1CXJca1pHnMBG7MMFOvx3G9MxtB_SI7d556m2ZJ-S7wg86-K1Tfl0P9--gxlG3NSpdpLRbRKeEEAYKFq_Bk8JkCoA_J0ElKkiWnHbZoqfshNSUDGjLPl_WOzej:1p4HOH:Y8Eb6KLoDo6mvr0b3vjlKk6SEI1up8ck9VRiBts683A",
    "expire_date": "2022-12-25T08:08:53.524Z"
  }
},
{
  "model": "sessions.session",
  "pk": "9vaoo0e50p3smw6u9ngx469uvp62z0bm",
  "fields": {
    "session_data": ".eJxVjMsOwiAURP-FtSEX5OnSvd9AuFyQqoGktCvjv9smXehqkjln5s1CXJca1pHnMBG7MMFOvx3G9MxtB_SI7d556m2ZJ-S7wg86-K1Tfl0P9--gxlG3NSpdpLRbRKeEEAYKFq_Bk8JkCoA_J0ElKkiWnHbZoqfshNSUDGjLPl_WOzej:1p6r42:5gFE_Pd1ZHaa9JpyLJU_MCRalfCNA2HiunFC-0n3Qss",
    "expire_date": "2023-01-01T10:38:38.798Z"
  }
},
{
  "model": "sessions.session",
  "pk": "befcct3yhdad3v7hgdoqwf6i2cdv6ex2",
  "fields": {
    "session_data": ".eJxVjDsOwjAQBe_iGlnx36Gk5wzWeneNA8iR4qRC3B0ipYD2zcx7iQTbWtPWeUkTibNQ4vS7ZcAHtx3QHdptlji3dZmy3BV50C6vM_Hzcrh_BxV6_daWApOKOAT0GrMrHJSnzIA2GB-KJldIG4xhRMvDqIpS3iJ4w9E4zuL9Af8cOGw:1pAx9y:oxD9ySz9hC0qdKsBrKqDo9lus5wFBmI3OPVLggaim8A",
    "expire_date": "2023-01-12T17:57:42.726Z"
  }
},
{
  "model": "sessions.session",
  "pk": "giuo1jmfa95g5k5vwhjblj1mk9cja9qn",
  "fields": {
    "session_data": ".eJxVjMsOwiAURP-FtSEX5OnSvd9AuFyQqoGktCvjv9smXehqkjln5s1CXJca1pHnMBG7MMFOvx3G9MxtB_SI7d556m2ZJ-S7wg86-K1Tfl0P9--gxlG3NSpdpLRbRKeEEAYKFq_Bk8JkCoA_J0ElKkiWnHbZoqfshNSUDGjLPl_WOzej:1p6l8k:GUAtJRXVjiNBIrVnoT49gLv9a_GDa-HOAgsexWDXtu8",
    "expire_date": "2023-01-01T04:19:06.123Z"
  }
},
{
  "model": "sessions.session",
  "pk": "n63hycoi7rcmxz05p3zrfuic2p6f2sk3",
  "fields": {
    "session_data": ".eJxVjMsOwiAURP-FtSEX5OnSvd9AuFyQqoGktCvjv9smXehqkjln5s1CXJca1pHnMBG7MMFOvx3G9MxtB_SI7d556m2ZJ-S7wg86-K1Tfl0P9--gxlG3NSpdpLRbRKeEEAYKFq_Bk8JkCoA_J0ElKkiWnHbZoqfshNSUDGjLPl_WOzej:1p634N:pSI3Qfrpzwfs9hLXXoS43gyFoXymocrNX9jLtYv1ryk",
    "expire_date": "2022-12-30T05:15:39.432Z"
  }
},
{
  "model": "accounts.account",
  "fields": {
    "password": "pbkdf2_sha256$390000$rnNSqWIF8uWVEEJqqC1Mhs$bfqpAOjya0Fkxtq2RFIxKJDqYVy74EPSisMZ8pMqZvE=",
    "last_login": "2022-12-29T17:57:42.722Z",
    "is_superuser": true,
    "first_name": "Суперюзер",
    "last_name": "Фамилия",
    "is_staff": true,
    "is_active": true,
    "date_joined": "2022-12-11T08:08:46Z",
    "email": "root@root.kz",
    "avatar": "",
    "phone_number": "+77077777777",
    "groups": [
      [
        "admin"
      ]
    ],
    "user_permissions": []
  }
},
{
  "model": "accounts.account",
  "fields": {
    "password": "pbkdf2_sha256$390000$aDBz7Ac4DgGpyUnZxbCp0d$dpCmnzO08VD1u6kzvaajlza6ZPEIwtuMJYejosn1AXQ=",
    "last_login": null,
    "is_superuser": false,
    "first_name": "root",
    "last_name": "sdsd",
    "is_staff": false,
    "is_active": true,
    "date_joined": "2023-01-02T09:08:47.051Z",
    "email": "root@mal.ru",
    "avatar": "",
    "phone_number": "+77123456785",
    "groups": [
      [
        "teacher"
      ]
    ],
    "user_permissions": []
  }
},
{
  "model": "education.status",
  "pk": 1,
  "fields": {
    "name": "Создана",
    "is_deleted": false
  }
},
{
  "model": "education.status",
  "pk": 2,
  "fields": {
    "name": "Ожидание оплаты",
    "is_deleted": false
  }
},
{
  "model": "education.status",
  "pk": 3,
  "fields": {
    "name": "Отклонена",
    "is_deleted": false
  }
},
{
  "model": "education.status",
  "pk": 4,
  "fields": {
    "name": "В работе",
    "is_deleted": false
  }
},
{
  "model": "education.status",
  "pk": 5,
  "fields": {
    "name": "Подписание договора",
    "is_deleted": false
  }
},
{
  "model": "education.status",
  "pk": 6,
  "fields": {
    "name": "Завершена",
    "is_deleted": false
  }
},
{
  "model": "education.status",
  "pk": 7,
  "fields": {
    "name": "Оплачена",
    "is_deleted": false
  }
},
{
  "model": "education.application",
  "pk": 87,
  "fields": {
    "applicant_name": "qammmm",
    "applicant_surname": "qa",
    "email": "sss@mail.ruk",
    "phone": "+77775567412",
    "school": 2,
    "class_number": "2",
    "shift": 1,
    "birth_date": "2022-12-23",
    "sex": "MALE",
    "parents_surname": "jjj",
    "parents_name": "jjjjj",
    "parents_inn": 555555555555,
    "parents_phone": "+8777777777777777",
    "parents_email": "hope8787@mal.ru",
    "address": "nn",
    "lesson_time": "13:30",
    "sum": 12000,
    "contract": "contracts/asprise-1669979099559-0___1669979013.667818_zJ3UHaB.pdf",
    "payed": true,
    "created_at": "2022-12-23T18:02:24.567Z",
    "is_deleted": false,
    "discount": null,
    "student": null,
    "parent": null,
    "subjects": [
      4
    ]
  }
},
{
  "model": "education.application",
  "pk": 88,
  "fields": {
    "applicant_name": "ed",
    "applicant_surname": "ed",
    "email": "",
    "phone": "+77777777777",
    "school": null,
    "class_number": null,
    "shift": null,
    "birth_date": null,
    "sex": "MALE",
    "parents_surname": null,
    "parents_name": null,
    "parents_inn": null,
    "parents_phone": null,
    "parents_email": null,
    "address": null,
    "lesson_time": null,
    "sum": null,
    "contract": "",
    "payed": false,
    "created_at": "2022-12-23T18:02:32.609Z",
    "is_deleted": false,
    "discount": null,
    "student": null,
    "parent": null,
    "subjects": []
  }
},
{
  "model": "education.application",
  "pk": 89,
  "fields": {
    "applicant_name": "s",
    "applicant_surname": "s",
    "email": "hope8787@mail.ru",
    "phone": "+77775567418",
    "school": 1,
    "class_number": "2",
    "shift": 1,
    "birth_date": "2022-12-21",
    "sex": "MALE",
    "parents_surname": "www",
    "parents_name": "qqq",
    "parents_inn": 222222222222,
    "parents_phone": "+3223323324234",
    "parents_email": "hope8787@mal.ru",
    "address": "ssss",
    "lesson_time": "13:30",
    "sum": 12000,
    "contract": "contracts/asprise-1669979099559-0___1669979013.667818_mmVi91D.pdf",
    "payed": true,
    "created_at": "2022-12-24T02:23:25.317Z",
    "is_deleted": false,
    "discount": 3,
    "student": null,
    "parent": null,
    "subjects": [
      5
    ]
  }
},
{
  "model": "education.application",
  "pk": 90,
  "fields": {
    "applicant_name": "dd",
    "applicant_surname": "dd",
    "email": "",
    "phone": "+77777777777",
    "school": null,
    "class_number": null,
    "shift": null,
    "birth_date": null,
    "sex": "MALE",
    "parents_surname": null,
    "parents_name": null,
    "parents_inn": null,
    "parents_phone": null,
    "parents_email": null,
    "address": null,
    "lesson_time": null,
    "sum": null,
    "contract": "",
    "payed": false,
    "created_at": "2022-12-24T02:23:44.669Z",
    "is_deleted": false,
    "discount": null,
    "student": null,
    "parent": null,
    "subjects": []
  }
},
{
  "model": "education.application",
  "pk": 91,
  "fields": {
    "applicant_name": "вв",
    "applicant_surname": "в",
    "email": "root@root.kz",
    "phone": "+32543522525",
    "school": 2,
    "class_number": "1",
    "shift": 1,
    "birth_date": "2022-12-30",
    "sex": "MALE",
    "parents_surname": "aqwqw",
    "parents_name": "Имя",
    "parents_inn": 875555555555,
    "parents_phone": "8 (888) 888-88-88",
    "parents_email": "hope8787@mal.ru",
    "address": "gjkgujh",
    "lesson_time": "13:30",
    "sum": 27000,
    "contract": "contracts/asprise-1669979099559-0___1669979013.667818_lUuBah1.pdf",
    "payed": true,
    "created_at": "2022-12-24T10:52:48.891Z",
    "is_deleted": false,
    "discount": null,
    "student": null,
    "parent": null,
    "subjects": [
      7,
      9,
      8
    ]
  }
},
{
  "model": "education.application",
  "pk": 92,
  "fields": {
    "applicant_name": "ллллллл",
    "applicant_surname": "s",
    "email": "qqq@mail.ru",
    "phone": "+77775555555",
    "school": null,
    "class_number": null,
    "shift": 1,
    "birth_date": "2022-12-31",
    "sex": "MALE",
    "parents_surname": null,
    "parents_name": null,
    "parents_inn": null,
    "parents_phone": "",
    "parents_email": null,
    "address": null,
    "lesson_time": "13:30",
    "sum": 12000,
    "contract": "",
    "payed": false,
    "created_at": "2022-12-24T10:53:17.462Z",
    "is_deleted": false,
    "discount": null,
    "student": null,
    "parent": null,
    "subjects": [
      4
    ]
  }
},
{
  "model": "education.application",
  "pk": 93,
  "fields": {
    "applicant_name": "Надежда",
    "applicant_surname": "Фамилия",
    "email": "hope8787@mail.ru",
    "phone": "+77123456722",
    "school": 1,
    "class_number": "1",
    "shift": 1,
    "birth_date": "2022-12-23",
    "sex": "MALE",
    "parents_surname": "Фамилия",
    "parents_name": "Имя",
    "parents_inn": 888888888888,
    "parents_phone": "+7 (777) 777-77-77",
    "parents_email": "hope8787@mal.ru",
    "address": "rferferf",
    "lesson_time": "13:30",
    "sum": 27000,
    "contract": "contracts/asprise-1669979099559-0___1669979013.667818_160lSsu.pdf",
    "payed": true,
    "created_at": "2022-12-25T11:22:17.453Z",
    "is_deleted": false,
    "discount": null,
    "student": null,
    "parent": null,
    "subjects": [
      5,
      3,
      4
    ]
  }
},
{
  "model": "education.applicationstatus",
  "pk": 250,
  "fields": {
    "application": 88,
    "status": 1,
    "created_at": "2022-12-23T18:02:45.683Z",
    "note": "",
    "author": null
  }
},
{
  "model": "education.applicationstatus",
  "pk": 251,
  "fields": {
    "application": 88,
    "status": 6,
    "created_at": "2022-12-23T18:02:52.766Z",
    "note": "",
    "author": null
  }
},
{
  "model": "education.applicationstatus",
  "pk": 252,
  "fields": {
    "application": 87,
    "status": 1,
    "created_at": "2022-12-23T18:02:57.874Z",
    "note": "",
    "author": null
  }
},
{
  "model": "education.applicationstatus",
  "pk": 253,
  "fields": {
    "application": 87,
    "status": 2,
    "created_at": "2022-12-23T18:03:03.009Z",
    "note": "",
    "author": null
  }
},
{
  "model": "education.applicationstatus",
  "pk": 254,
  "fields": {
    "application": 88,
    "status": 7,
    "created_at": "2022-12-23T18:10:40.337Z",
    "note": "",
    "author": null
  }
},
{
  "model": "education.applicationstatus",
  "pk": 255,
  "fields": {
    "application": 87,
    "status": 3,
    "created_at": "2022-12-23T18:51:59.627Z",
    "note": "",
    "author": null
  }
},
{
  "model": "education.applicationstatus",
  "pk": 256,
  "fields": {
    "application": 88,
    "status": 5,
    "created_at": "2022-12-23T18:52:20.853Z",
    "note": "",
    "author": null
  }
},
{
  "model": "education.applicationstatus",
  "pk": 257,
  "fields": {
    "application": 87,
    "status": 4,
    "created_at": "2022-12-24T02:22:05.212Z",
    "note": "",
    "author": [
      "root@root.kz"
    ]
  }
},
{
  "model": "education.applicationstatus",
  "pk": 258,
  "fields": {
    "application": 88,
    "status": 4,
    "created_at": "2022-12-24T02:22:23.144Z",
    "note": "",
    "author": [
      "root@root.kz"
    ]
  }
},
{
  "model": "education.applicationstatus",
  "pk": 259,
  "fields": {
    "application": 88,
    "status": 1,
    "created_at": "2022-12-24T02:22:58.972Z",
    "note": "",
    "author": null
  }
},
{
  "model": "education.applicationstatus",
  "pk": 260,
  "fields": {
    "application": 90,
    "status": 1,
    "created_at": "2022-12-24T02:23:58.279Z",
    "note": "",
    "author": null
  }
},
{
  "model": "education.applicationstatus",
  "pk": 261,
  "fields": {
    "application": 90,
    "status": 5,
    "created_at": "2022-12-24T02:24:03.048Z",
    "note": "",
    "author": null
  }
},
{
  "model": "education.applicationstatus",
  "pk": 262,
  "fields": {
    "application": 89,
    "status": 2,
    "created_at": "2022-12-24T02:25:40.447Z",
    "note": "",
    "author": null
  }
},
{
  "model": "education.applicationstatus",
  "pk": 263,
  "fields": {
    "application": 89,
    "status": 4,
    "created_at": "2022-12-24T02:32:12.962Z",
    "note": "",
    "author": [
      "root@root.kz"
    ]
  }
},
{
  "model": "education.applicationstatus",
  "pk": 264,
  "fields": {
    "application": 91,
    "status": 1,
    "created_at": "2022-12-24T10:52:48.971Z",
    "note": "",
    "author": null
  }
},
{
  "model": "education.applicationstatus",
  "pk": 265,
  "fields": {
    "application": 92,
    "status": 1,
    "created_at": "2022-12-24T10:53:17.477Z",
    "note": "",
    "author": null
  }
},
{
  "model": "education.applicationstatus",
  "pk": 266,
  "fields": {
    "application": 88,
    "status": 4,
    "created_at": "2022-12-24T10:58:34.149Z",
    "note": "",
    "author": [
      "root@root.kz"
    ]
  }
},
{
  "model": "education.applicationstatus",
  "pk": 267,
  "fields": {
    "application": 91,
    "status": 4,
    "created_at": "2022-12-24T16:49:19.847Z",
    "note": "",
    "author": [
      "root@root.kz"
    ]
  }
},
{
  "model": "education.applicationstatus",
  "pk": 268,
  "fields": {
    "application": 91,
    "status": 5,
    "created_at": "2022-12-24T16:50:01.560Z",
    "note": "",
    "author": [
      "root@root.kz"
    ]
  }
},
{
  "model": "education.applicationstatus",
  "pk": 269,
  "fields": {
    "application": 91,
    "status": 2,
    "created_at": "2022-12-24T16:50:27.449Z",
    "note": "",
    "author": [
      "root@root.kz"
    ]
  }
},
{
  "model": "education.applicationstatus",
  "pk": 270,
  "fields": {
    "application": 91,
    "status": 7,
    "created_at": "2022-12-24T16:50:34.890Z",
    "note": "",
    "author": [
      "root@root.kz"
    ]
  }
},
{
  "model": "education.applicationstatus",
  "pk": 271,
  "fields": {
    "application": 91,
    "status": 4,
    "created_at": "2022-12-24T18:07:40.118Z",
    "note": "",
    "author": [
      "root@root.kz"
    ]
  }
},
{
  "model": "education.applicationstatus",
  "pk": 272,
  "fields": {
    "application": 91,
    "status": 5,
    "created_at": "2022-12-24T18:08:46.166Z",
    "note": "",
    "author": [
      "root@root.kz"
    ]
  }
},
{
  "model": "education.applicationstatus",
  "pk": 273,
  "fields": {
    "application": 91,
    "status": 4,
    "created_at": "2022-12-24T18:09:03.572Z",
    "note": "",
    "author": [
      "root@root.kz"
    ]
  }
},
{
  "model": "education.applicationstatus",
  "pk": 274,
  "fields": {
    "application": 91,
    "status": 5,
    "created_at": "2022-12-24T18:09:23.844Z",
    "note": "",
    "author": [
      "root@root.kz"
    ]
  }
},
{
  "model": "education.applicationstatus",
  "pk": 275,
  "fields": {
    "application": 91,
    "status": 5,
    "created_at": "2022-12-24T18:50:18.509Z",
    "note": "",
    "author": [
      "root@root.kz"
    ]
  }
},
{
  "model": "education.applicationstatus",
  "pk": 276,
  "fields": {
    "application": 91,
    "status": 5,
    "created_at": "2022-12-24T18:53:14.602Z",
    "note": "",
    "author": [
      "root@root.kz"
    ]
  }
},
{
  "model": "education.applicationstatus",
  "pk": 277,
  "fields": {
    "application": 91,
    "status": 5,
    "created_at": "2022-12-24T18:53:29.867Z",
    "note": "",
    "author": [
      "root@root.kz"
    ]
  }
},
{
  "model": "education.applicationstatus",
  "pk": 278,
  "fields": {
    "application": 92,
    "status": 4,
    "created_at": "2022-12-25T10:31:30.225Z",
    "note": "",
    "author": [
      "root@root.kz"
    ]
  }
},
{
  "model": "education.applicationstatus",
  "pk": 279,
  "fields": {
    "application": 92,
    "status": 4,
    "created_at": "2022-12-25T10:33:00.705Z",
    "note": "",
    "author": [
      "root@root.kz"
    ]
  }
},
{
  "model": "education.applicationstatus",
  "pk": 280,
  "fields": {
    "application": 92,
    "status": 4,
    "created_at": "2022-12-25T10:33:31.920Z",
    "note": "",
    "author": [
      "root@root.kz"
    ]
  }
},
{
  "model": "education.applicationstatus",
  "pk": 281,
  "fields": {
    "application": 92,
    "status": 4,
    "created_at": "2022-12-25T10:34:13.223Z",
    "note": "",
    "author": [
      "root@root.kz"
    ]
  }
},
{
  "model": "education.applicationstatus",
  "pk": 282,
  "fields": {
    "application": 92,
    "status": 4,
    "created_at": "2022-12-25T10:38:13.389Z",
    "note": "",
    "author": [
      "root@root.kz"
    ]
  }
},
{
  "model": "education.applicationstatus",
  "pk": 283,
  "fields": {
    "application": 92,
    "status": 4,
    "created_at": "2022-12-25T10:38:28.698Z",
    "note": "",
    "author": [
      "root@root.kz"
    ]
  }
},
{
  "model": "education.applicationstatus",
  "pk": 284,
  "fields": {
    "application": 90,
    "status": 4,
    "created_at": "2022-12-25T10:39:05.318Z",
    "note": "",
    "author": [
      "root@root.kz"
    ]
  }
},
{
  "model": "education.applicationstatus",
  "pk": 285,
  "fields": {
    "application": 90,
    "status": 4,
    "created_at": "2022-12-25T10:40:24.379Z",
    "note": "",
    "author": [
      "root@root.kz"
    ]
  }
},
{
  "model": "education.applicationstatus",
  "pk": 286,
  "fields": {
    "application": 90,
    "status": 4,
    "created_at": "2022-12-25T10:40:40.356Z",
    "note": "",
    "author": [
      "root@root.kz"
    ]
  }
},
{
  "model": "education.applicationstatus",
  "pk": 287,
  "fields": {
    "application": 90,
    "status": 4,
    "created_at": "2022-12-25T10:41:34.033Z",
    "note": "",
    "author": [
      "root@root.kz"
    ]
  }
},
{
  "model": "education.applicationstatus",
  "pk": 288,
  "fields": {
    "application": 90,
    "status": 4,
    "created_at": "2022-12-25T10:59:41.566Z",
    "note": "",
    "author": [
      "root@root.kz"
    ]
  }
},
{
  "model": "education.applicationstatus",
  "pk": 289,
  "fields": {
    "application": 93,
    "status": 1,
    "created_at": "2022-12-25T11:22:17.479Z",
    "note": "",
    "author": null
  }
},
{
  "model": "education.applicationstatus",
  "pk": 290,
  "fields": {
    "application": 93,
    "status": 4,
    "created_at": "2022-12-25T11:22:49.970Z",
    "note": "",
    "author": [
      "root@root.kz"
    ]
  }
},
{
  "model": "education.applicationstatus",
  "pk": 291,
  "fields": {
    "application": 93,
    "status": 5,
    "created_at": "2022-12-25T13:39:03.712Z",
    "note": "",
    "author": [
      "root@root.kz"
    ]
  }
},
{
  "model": "education.applicationstatus",
  "pk": 292,
  "fields": {
    "application": 93,
    "status": 2,
    "created_at": "2022-12-25T13:39:15.554Z",
    "note": "",
    "author": [
      "root@root.kz"
    ]
  }
},
{
  "model": "education.applicationstatus",
  "pk": 293,
  "fields": {
    "application": 93,
    "status": 7,
    "created_at": "2022-12-25T13:39:20.642Z",
    "note": "",
    "author": [
      "root@root.kz"
    ]
  }
},
{
  "model": "education.applicationstatus",
  "pk": 294,
  "fields": {
    "application": 93,
    "status": 5,
    "created_at": "2022-12-25T14:36:23.595Z",
    "note": "",
    "author": [
      "root@root.kz"
    ]
  }
},
{
  "model": "education.applicationstatus",
  "pk": 295,
  "fields": {
    "application": 93,
    "status": 5,
    "created_at": "2022-12-25T16:54:12.645Z",
    "note": "",
    "author": [
      "root@root.kz"
    ]
  }
},
{
  "model": "education.applicationstatus",
  "pk": 296,
  "fields": {
    "application": 89,
    "status": 5,
    "created_at": "2022-12-26T17:39:30.114Z",
    "note": "",
    "author": [
      "root@root.kz"
    ]
  }
},
{
  "model": "education.applicationstatus",
  "pk": 297,
  "fields": {
    "application": 89,
    "status": 7,
    "created_at": "2022-12-26T17:39:51.930Z",
    "note": "",
    "author": [
      "root@root.kz"
    ]
  }
},
{
  "model": "education.applicationstatus",
  "pk": 298,
  "fields": {
    "application": 89,
    "status": 2,
    "created_at": "2022-12-26T17:40:20.753Z",
    "note": "",
    "author": [
      "root@root.kz"
    ]
  }
},
{
  "model": "education.applicationstatus",
  "pk": 299,
  "fields": {
    "application": 89,
    "status": 7,
    "created_at": "2022-12-26T17:40:28.042Z",
    "note": "",
    "author": [
      "root@root.kz"
    ]
  }
},
{
  "model": "education.applicationstatus",
  "pk": 300,
  "fields": {
    "application": 89,
    "status": 5,
    "created_at": "2022-12-26T17:40:43.234Z",
    "note": "",
    "author": [
      "root@root.kz"
    ]
  }
},
{
  "model": "education.applicationstatus",
  "pk": 301,
  "fields": {
    "application": 89,
    "status": 7,
    "created_at": "2022-12-26T17:40:49.862Z",
    "note": "",
    "author": [
      "root@root.kz"
    ]
  }
},
{
  "model": "education.applicationstatus",
  "pk": 302,
  "fields": {
    "application": 89,
    "status": 7,
    "created_at": "2022-12-26T17:46:04.778Z",
    "note": "",
    "author": [
      "root@root.kz"
    ]
  }
},
{
  "model": "education.applicationstatus",
  "pk": 303,
  "fields": {
    "application": 89,
    "status": 7,
    "created_at": "2022-12-26T17:49:03.253Z",
    "note": "",
    "author": [
      "root@root.kz"
    ]
  }
},
{
  "model": "education.applicationstatus",
  "pk": 304,
  "fields": {
    "application": 93,
    "status": 2,
    "created_at": "2022-12-26T17:53:44.149Z",
    "note": "",
    "author": [
      "root@root.kz"
    ]
  }
},
{
  "model": "education.applicationstatus",
  "pk": 305,
  "fields": {
    "application": 93,
    "status": 7,
    "created_at": "2022-12-26T17:53:55.839Z",
    "note": "",
    "author": [
      "root@root.kz"
    ]
  }
},
{
  "model": "education.applicationstatus",
  "pk": 306,
  "fields": {
    "application": 93,
    "status": 5,
    "created_at": "2022-12-26T18:16:42.062Z",
    "note": "",
    "author": [
      "root@root.kz"
    ]
  }
},
{
  "model": "education.applicationstatus",
  "pk": 307,
  "fields": {
    "application": 93,
    "status": 2,
    "created_at": "2022-12-26T18:16:54.666Z",
    "note": "",
    "author": [
      "root@root.kz"
    ]
  }
},
{
  "model": "education.applicationstatus",
  "pk": 308,
  "fields": {
    "application": 93,
    "status": 7,
    "created_at": "2022-12-26T18:17:01.403Z",
    "note": "",
    "author": [
      "root@root.kz"
    ]
  }
},
{
  "model": "education.applicationstatus",
  "pk": 309,
  "fields": {
    "application": 87,
    "status": 4,
    "created_at": "2022-12-26T18:20:50.265Z",
    "note": "",
    "author": [
      "root@root.kz"
    ]
  }
},
{
  "model": "education.applicationstatus",
  "pk": 310,
  "fields": {
    "application": 87,
    "status": 4,
    "created_at": "2022-12-26T18:21:11.539Z",
    "note": "",
    "author": [
      "root@root.kz"
    ]
  }
},
{
  "model": "education.applicationstatus",
  "pk": 311,
  "fields": {
    "application": 87,
    "status": 4,
    "created_at": "2022-12-26T18:21:26.412Z",
    "note": "",
    "author": [
      "root@root.kz"
    ]
  }
},
{
  "model": "education.applicationstatus",
  "pk": 312,
  "fields": {
    "application": 87,
    "status": 4,
    "created_at": "2022-12-26T18:21:38.954Z",
    "note": "",
    "author": [
      "root@root.kz"
    ]
  }
},
{
  "model": "education.applicationstatus",
  "pk": 313,
  "fields": {
    "application": 87,
    "status": 5,
    "created_at": "2022-12-26T18:21:57.568Z",
    "note": "",
    "author": [
      "root@root.kz"
    ]
  }
},
{
  "model": "education.applicationstatus",
  "pk": 314,
  "fields": {
    "application": 87,
    "status": 2,
    "created_at": "2022-12-26T18:22:09.184Z",
    "note": "",
    "author": [
      "root@root.kz"
    ]
  }
},
{
  "model": "education.applicationstatus",
  "pk": 315,
  "fields": {
    "application": 87,
    "status": 7,
    "created_at": "2022-12-26T18:22:16.290Z",
    "note": "",
    "author": [
      "root@root.kz"
    ]
  }
},
{
  "model": "education.auditorium",
  "pk": 1,
  "fields": {
    "name": "108",
    "is_deleted": false,
    "created_at": "2022-12-29T18:30:43.922Z",
    "update_at": "2022-12-29T18:30:43.922Z"
  }
},
{
  "model": "education.auditorium",
  "pk": 2,
  "fields": {
    "name": "109",
    "is_deleted": false,
    "created_at": "2022-12-29T18:30:50.773Z",
    "update_at": "2022-12-29T18:30:50.773Z"
  }
},
{
  "model": "education.auditorium",
  "pk": 3,
  "fields": {
    "name": "110",
    "is_deleted": false,
    "created_at": "2022-12-29T18:30:55.735Z",
    "update_at": "2022-12-29T18:30:55.735Z"
  }
},
{
  "model": "education.classtime",
  "pk": 2,
  "fields": {
    "time_start": "15:00:00",
    "time_end": "16:30:00",
    "is_deleted": false,
    "created_at": "2022-12-29T18:01:29.414Z",
    "changed_at": "2023-01-01T16:43:08.939Z",
    "number_lesson": 2
  }
},
{
  "model": "education.classtime",
  "pk": 3,
  "fields": {
    "time_start": "16:30:00",
    "time_end": "18:00:00",
    "is_deleted": false,
    "created_at": "2022-12-29T18:02:26.588Z",
    "changed_at": "2023-01-01T16:43:16.081Z",
    "number_lesson": 3
  }
},
{
  "model": "education.classtime",
  "pk": 4,
  "fields": {
    "time_start": "13:30:00",
    "time_end": "15:00:00",
    "is_deleted": false,
    "created_at": "2022-12-29T18:03:36.621Z",
    "changed_at": "2023-01-01T16:42:59.623Z",
    "number_lesson": 1
  }
},
{
  "model": "education.discount",
  "pk": 1,
  "fields": {
    "name": "Екінші бала",
    "discount_amount": 20,
    "is_deleted": false
  }
},
{
  "model": "education.discount",
  "pk": 2,
  "fields": {
    "name": "Жетім",
    "discount_amount": 50,
    "is_deleted": false
  }
},
{
  "model": "education.discount",
  "pk": 3,
  "fields": {
    "name": "Көпбалалы",
    "discount_amount": 20,
    "is_deleted": false
  }
},
{
  "model": "education.discount",
  "pk": 4,
  "fields": {
    "name": "Олимпиада",
    "discount_amount": 50,
    "is_deleted": false
  }
},
{
  "model": "education.statusofgrouping",
  "pk": 1,
  "fields": {
    "name": "набор",
    "is_deleted": false
  }
},
{
  "model": "education.statusofgrouping",
  "pk": 2,
  "fields": {
    "name": "учеба",
    "is_deleted": false
  }
},
{
  "model": "education.statusofgrouping",
  "pk": 3,
  "fields": {
    "name": "завершена",
    "is_deleted": false
  }
},
{
  "model": "education.grouping",
  "pk": 1,
  "fields": {
    "name": "физика-1",
    "subject": 2,
    "is_deleted": false,
    "created_at": "2021-12-31T18:00:00Z",
    "start_date": null,
    "max_students": null,
    "min_students": null,
    "language": null
  }
},
{
  "model": "education.grouping",
  "pk": 2,
  "fields": {
    "name": "физика-2",
    "subject": 2,
    "is_deleted": false,
    "created_at": "2021-12-31T18:00:00Z",
    "start_date": null,
    "max_students": null,
    "min_students": null,
    "language": null
  }
},
{
  "model": "education.grouping",
  "pk": 3,
  "fields": {
    "name": "математика-1",
    "subject": 1,
    "is_deleted": false,
    "created_at": "2021-12-31T18:00:00Z",
    "start_date": null,
    "max_students": null,
    "min_students": null,
    "language": null
  }
},
{
  "model": "education.grouping",
  "pk": 4,
  "fields": {
    "name": "математика-2",
    "subject": 1,
    "is_deleted": false,
    "created_at": "2021-12-31T18:00:00Z",
    "start_date": null,
    "max_students": null,
    "min_students": null,
    "language": null
  }
},
{
  "model": "education.grouping",
  "pk": 5,
  "fields": {
    "name": "математика-3",
    "subject": 1,
    "is_deleted": false,
    "created_at": "2021-12-31T18:00:00Z",
    "start_date": null,
    "max_students": null,
    "min_students": null,
    "language": null
  }
},
{
  "model": "education.grouping",
  "pk": 6,
  "fields": {
    "name": "химия-1",
    "subject": 4,
    "is_deleted": false,
    "created_at": "2021-12-31T18:00:00Z",
    "start_date": null,
    "max_students": null,
    "min_students": null,
    "language": null
  }
},
{
  "model": "education.grouping",
  "pk": 7,
  "fields": {
    "name": "химия-2",
    "subject": 4,
    "is_deleted": false,
    "created_at": "2021-12-31T18:00:00Z",
    "start_date": null,
    "max_students": null,
    "min_students": null,
    "language": null
  }
},
{
  "model": "education.grouping",
  "pk": 8,
  "fields": {
    "name": "химия-3",
    "subject": 4,
    "is_deleted": false,
    "created_at": "2021-12-31T18:00:00Z",
    "start_date": null,
    "max_students": null,
    "min_students": null,
    "language": null
  }
},
{
  "model": "education.grouping",
  "pk": 9,
  "fields": {
    "name": "информатика-1",
    "subject": 3,
    "is_deleted": false,
    "created_at": "2021-12-31T18:00:00Z",
    "start_date": null,
    "max_students": null,
    "min_students": null,
    "language": null
  }
},
{
  "model": "education.grouping",
  "pk": 10,
  "fields": {
    "name": "информатика-2",
    "subject": 3,
    "is_deleted": false,
    "created_at": "2021-12-31T18:00:00Z",
    "start_date": null,
    "max_students": null,
    "min_students": null,
    "language": null
  }
},
{
  "model": "education.grouping",
  "pk": 11,
  "fields": {
    "name": "информатика-3",
    "subject": 3,
    "is_deleted": false,
    "created_at": "2021-12-31T18:00:00Z",
    "start_date": null,
    "max_students": null,
    "min_students": null,
    "language": null
  }
},
{
  "model": "education.grouping",
  "pk": 12,
  "fields": {
    "name": "математика-10",
    "subject": 5,
    "is_deleted": false,
    "created_at": "2021-12-31T18:00:00Z",
    "start_date": null,
    "max_students": null,
    "min_students": null,
    "language": null
  }
},
{
  "model": "education.grouping",
  "pk": 13,
  "fields": {
    "name": "Надежда",
    "subject": 5,
    "is_deleted": false,
    "created_at": "2022-12-25T15:44:26.791Z",
    "start_date": null,
    "max_students": null,
    "min_students": null,
    "language": null
  }
},
{
  "model": "education.grouping",
  "pk": 14,
  "fields": {
    "name": "Надежда11",
    "subject": 5,
    "is_deleted": false,
    "created_at": "2022-12-25T15:45:07.737Z",
    "start_date": "2022-12-13T15:44:46Z",
    "max_students": null,
    "min_students": null,
    "language": "kaz"
  }
},
{
  "model": "education.grouping",
  "pk": 15,
  "fields": {
    "name": "Колбаса",
    "subject": 5,
    "is_deleted": false,
    "created_at": "2023-01-02T09:09:11.342Z",
    "start_date": null,
    "max_students": null,
    "min_students": null,
    "language": null
  }
},
{
  "model": "education.groupingstatus",
  "pk": 1,
  "fields": {
    "grouping": 1,
    "status": 1,
    "created_at": "2022-12-25T15:48:44.328Z",
    "note": "",
    "author": null
  }
},
{
  "model": "education.groupingstatus",
  "pk": 2,
  "fields": {
    "grouping": 2,
    "status": 2,
    "created_at": "2022-12-25T15:48:50.890Z",
    "note": "",
    "author": null
  }
},
{
  "model": "education.groupingstatus",
  "pk": 3,
  "fields": {
    "grouping": 3,
    "status": 3,
    "created_at": "2022-12-25T15:48:57.877Z",
    "note": "",
    "author": null
  }
},
{
  "model": "education.groupingstatus",
  "pk": 4,
  "fields": {
    "grouping": 5,
    "status": 1,
    "created_at": "2022-12-25T15:49:04.136Z",
    "note": "",
    "author": null
  }
},
{
  "model": "education.groupingstatus",
  "pk": 5,
  "fields": {
    "grouping": 6,
    "status": 1,
    "created_at": "2022-12-25T15:49:11.691Z",
    "note": "",
    "author": null
  }
},
{
  "model": "education.studentgrouping",
  "pk": 1,
  "fields": {
    "grouping": 1,
    "student": [
      "root@root.kz"
    ],
    "enrolled_at": null,
    "expelled_at": null,
    "is_active": true
  }
},
{
  "model": "education.studentgrouping",
  "pk": 3,
  "fields": {
    "grouping": 6,
    "student": [
      "root@root.kz"
    ],
    "enrolled_at": null,
    "expelled_at": null,
    "is_active": true
  }
},
{
  "model": "education.teachergrouping",
  "pk": 3,
  "fields": {
    "grouping": 15,
    "teacher": [
      "root@mal.ru"
    ],
    "started": null,
    "finished": null,
    "is_active": true
  }
},
{
  "model": "education.packet",
  "pk": 1,
  "fields": {
    "name": "1 пән",
    "qty": 1,
    "is_deleted": false,
    "sum": 12000
  }
},
{
  "model": "education.packet",
  "pk": 2,
  "fields": {
    "name": "2 пән",
    "qty": 2,
    "is_deleted": false,
    "sum": 20000
  }
},
{
  "model": "education.packet",
  "pk": 3,
  "fields": {
    "name": "3 пән",
    "qty": 3,
    "is_deleted": false,
    "sum": 27000
  }
},
{
  "model": "education.packet",
  "pk": 4,
  "fields": {
    "name": "4 пән",
    "qty": 4,
    "is_deleted": false,
    "sum": 32000
  }
},
{
  "model": "education.schedule",
  "pk": 62,
  "fields": {
    "grouping": 1,
    "week_day": "monday",
    "class_time": 4,
    "created_at": "2023-01-02T09:31:58.934Z",
    "changed_at": "2023-01-02T10:06:16.620Z",
    "is_deleted": true,
    "auditorium": 1
  }
},
{
  "model": "education.schedule",
  "pk": 63,
  "fields": {
    "grouping": 6,
    "week_day": "monday",
    "class_time": 4,
    "created_at": "2023-01-02T09:32:16.749Z",
    "changed_at": "2023-01-02T10:06:11.833Z",
    "is_deleted": true,
    "auditorium": 1
  }
},
{
  "model": "education.schedule",
  "pk": 64,
  "fields": {
    "grouping": 2,
    "week_day": "monday",
    "class_time": 4,
    "created_at": "2023-01-02T09:45:30.262Z",
    "changed_at": "2023-01-02T10:06:06.432Z",
    "is_deleted": true,
    "auditorium": 1
  }
},
{
  "model": "education.schedule",
  "pk": 65,
  "fields": {
    "grouping": 6,
    "week_day": "monday",
    "class_time": 4,
    "created_at": "2023-01-02T09:54:04.370Z",
    "changed_at": "2023-01-02T10:05:59.144Z",
    "is_deleted": true,
    "auditorium": 1
  }
},
{
  "model": "education.schedule",
  "pk": 66,
  "fields": {
    "grouping": 1,
    "week_day": "monday",
    "class_time": 4,
    "created_at": "2023-01-02T09:54:10.016Z",
    "changed_at": "2023-01-02T10:10:06.122Z",
    "is_deleted": true,
    "auditorium": 1
  }
},
{
  "model": "education.schedule",
  "pk": 69,
  "fields": {
    "grouping": 4,
    "week_day": "tuesday",
    "class_time": 2,
    "created_at": "2023-01-02T10:11:29.335Z",
    "changed_at": "2023-01-02T10:16:18.362Z",
    "is_deleted": true,
    "auditorium": 1
  }
},
{
  "model": "education.schedule",
  "pk": 70,
  "fields": {
    "grouping": 2,
    "week_day": "tuesday",
    "class_time": 2,
    "created_at": "2023-01-02T10:16:18.374Z",
    "changed_at": "2023-01-02T10:16:24.905Z",
    "is_deleted": true,
    "auditorium": 1
  }
},
{
  "model": "education.schedule",
  "pk": 71,
  "fields": {
    "grouping": 7,
    "week_day": "tuesday",
    "class_time": 2,
    "created_at": "2023-01-02T10:16:24.921Z",
    "changed_at": "2023-01-02T10:23:31.699Z",
    "is_deleted": true,
    "auditorium": 1
  }
},
{
  "model": "education.schedule",
  "pk": 72,
  "fields": {
    "grouping": 1,
    "week_day": "monday",
    "class_time": 4,
    "created_at": "2023-01-02T10:23:26.098Z",
    "changed_at": "2023-01-02T10:23:26.098Z",
    "is_deleted": false,
    "auditorium": 1
  }
},
{
  "model": "education.schedule",
  "pk": 73,
  "fields": {
    "grouping": 3,
    "week_day": "tuesday",
    "class_time": 2,
    "created_at": "2023-01-02T10:23:31.713Z",
    "changed_at": "2023-01-02T10:29:37.018Z",
    "is_deleted": true,
    "auditorium": 1
  }
},
{
  "model": "education.schedule",
  "pk": 74,
  "fields": {
    "grouping": 3,
    "week_day": "monday",
    "class_time": 2,
    "created_at": "2023-01-02T10:29:20.082Z",
    "changed_at": "2023-01-02T10:29:20.082Z",
    "is_deleted": false,
    "auditorium": 1
  }
},
{
  "model": "education.schedule",
  "pk": 75,
  "fields": {
    "grouping": 3,
    "week_day": "wednesday",
    "class_time": 2,
    "created_at": "2023-01-02T10:29:25.001Z",
    "changed_at": "2023-01-02T10:29:25.001Z",
    "is_deleted": false,
    "auditorium": 1
  }
},
{
  "model": "education.schedule",
  "pk": 76,
  "fields": {
    "grouping": 1,
    "week_day": "monday",
    "class_time": 3,
    "created_at": "2023-01-02T10:29:31.215Z",
    "changed_at": "2023-01-02T10:29:31.215Z",
    "is_deleted": false,
    "auditorium": 1
  }
},
{
  "model": "education.schedule",
  "pk": 77,
  "fields": {
    "grouping": 12,
    "week_day": "tuesday",
    "class_time": 2,
    "created_at": "2023-01-02T10:29:37.032Z",
    "changed_at": "2023-01-02T10:29:37.032Z",
    "is_deleted": false,
    "auditorium": 1
  }
},
{
  "model": "education.subject",
  "pk": 1,
  "fields": {
    "name": "Информатика",
    "is_deleted": false,
    "is_required": false
  }
},
{
  "model": "education.subject",
  "pk": 2,
  "fields": {
    "name": "Физика",
    "is_deleted": false,
    "is_required": false
  }
},
{
  "model": "education.subject",
  "pk": 3,
  "fields": {
    "name": "Математика",
    "is_deleted": false,
    "is_required": false
  }
},
{
  "model": "education.subject",
  "pk": 4,
  "fields": {
    "name": "Қазақстан тарихы",
    "is_deleted": false,
    "is_required": false
  }
},
{
  "model": "education.subject",
  "pk": 5,
  "fields": {
    "name": "Матсауат",
    "is_deleted": false,
    "is_required": false
  }
},
{
  "model": "education.subject",
  "pk": 7,
  "fields": {
    "name": "ДЖТ",
    "is_deleted": false,
    "is_required": false
  }
},
{
  "model": "education.subject",
  "pk": 8,
  "fields": {
    "name": "Химия",
    "is_deleted": false,
    "is_required": false
  }
},
{
  "model": "education.subject",
  "pk": 9,
  "fields": {
    "name": "Биология",
    "is_deleted": false,
    "is_required": false
  }
},
{
  "model": "education.subject",
  "pk": 10,
  "fields": {
    "name": "География",
    "is_deleted": false,
    "is_required": false
  }
},
{
  "model": "education.subject",
  "pk": 11,
  "fields": {
    "name": "Ағылшын",
    "is_deleted": false,
    "is_required": false
  }
},
{
  "model": "admin.logentry",
  "pk": 1,
  "fields": {
    "action_time": "2022-12-11T08:11:10.258Z",
    "user": [
      "root@root.kz"
    ],
    "content_type": [
      "accounts",
      "account"
    ],
    "object_id": "2",
    "object_repr": "qqq@mail.ru",
    "action_flag": 1,
    "change_message": "[{\"added\": {}}]"
  }
},
{
  "model": "admin.logentry",
  "pk": 2,
  "fields": {
    "action_time": "2022-12-11T08:11:46.831Z",
    "user": [
      "root@root.kz"
    ],
    "content_type": [
      "accounts",
      "account"
    ],
    "object_id": "3",
    "object_repr": "sss@mail.ru",
    "action_flag": 1,
    "change_message": "[{\"added\": {}}]"
  }
},
{
  "model": "admin.logentry",
  "pk": 3,
  "fields": {
    "action_time": "2022-12-11T08:11:54.005Z",
    "user": [
      "root@root.kz"
    ],
    "content_type": [
      "accounts",
      "account"
    ],
    "object_id": "3",
    "object_repr": "sss@mail.ru",
    "action_flag": 2,
    "change_message": "[]"
  }
},
{
  "model": "admin.logentry",
  "pk": 4,
  "fields": {
    "action_time": "2022-12-11T08:12:32.168Z",
    "user": [
      "root@root.kz"
    ],
    "content_type": [
      "accounts",
      "account"
    ],
    "object_id": "4",
    "object_repr": "user_1@mail.ru",
    "action_flag": 1,
    "change_message": "[{\"added\": {}}]"
  }
},
{
  "model": "admin.logentry",
  "pk": 5,
  "fields": {
    "action_time": "2022-12-11T08:12:51.673Z",
    "user": [
      "root@root.kz"
    ],
    "content_type": [
      "education",
      "subject"
    ],
    "object_id": "1",
    "object_repr": "математика",
    "action_flag": 1,
    "change_message": "[{\"added\": {}}]"
  }
},
{
  "model": "admin.logentry",
  "pk": 6,
  "fields": {
    "action_time": "2022-12-11T08:12:53.332Z",
    "user": [
      "root@root.kz"
    ],
    "content_type": [
      "education",
      "subject"
    ],
    "object_id": "1",
    "object_repr": "математика",
    "action_flag": 2,
    "change_message": "[]"
  }
},
{
  "model": "admin.logentry",
  "pk": 7,
  "fields": {
    "action_time": "2022-12-11T08:12:56.821Z",
    "user": [
      "root@root.kz"
    ],
    "content_type": [
      "education",
      "subject"
    ],
    "object_id": "2",
    "object_repr": "физика",
    "action_flag": 1,
    "change_message": "[{\"added\": {}}]"
  }
},
{
  "model": "admin.logentry",
  "pk": 8,
  "fields": {
    "action_time": "2022-12-11T08:13:00.559Z",
    "user": [
      "root@root.kz"
    ],
    "content_type": [
      "education",
      "subject"
    ],
    "object_id": "3",
    "object_repr": "информатика",
    "action_flag": 1,
    "change_message": "[{\"added\": {}}]"
  }
},
{
  "model": "admin.logentry",
  "pk": 9,
  "fields": {
    "action_time": "2022-12-11T08:13:04.095Z",
    "user": [
      "root@root.kz"
    ],
    "content_type": [
      "education",
      "subject"
    ],
    "object_id": "4",
    "object_repr": "химия",
    "action_flag": 1,
    "change_message": "[{\"added\": {}}]"
  }
},
{
  "model": "admin.logentry",
  "pk": 10,
  "fields": {
    "action_time": "2022-12-11T08:13:20.090Z",
    "user": [
      "root@root.kz"
    ],
    "content_type": [
      "education",
      "grouping"
    ],
    "object_id": "1",
    "object_repr": "физика-1",
    "action_flag": 1,
    "change_message": "[{\"added\": {}}]"
  }
},
{
  "model": "admin.logentry",
  "pk": 11,
  "fields": {
    "action_time": "2022-12-11T08:13:26.855Z",
    "user": [
      "root@root.kz"
    ],
    "content_type": [
      "education",
      "grouping"
    ],
    "object_id": "2",
    "object_repr": "физика-2",
    "action_flag": 1,
    "change_message": "[{\"added\": {}}]"
  }
},
{
  "model": "admin.logentry",
  "pk": 12,
  "fields": {
    "action_time": "2022-12-11T08:13:41.556Z",
    "user": [
      "root@root.kz"
    ],
    "content_type": [
      "education",
      "grouping"
    ],
    "object_id": "3",
    "object_repr": "математика-1",
    "action_flag": 1,
    "change_message": "[{\"added\": {}}]"
  }
},
{
  "model": "admin.logentry",
  "pk": 13,
  "fields": {
    "action_time": "2022-12-11T08:13:45.480Z",
    "user": [
      "root@root.kz"
    ],
    "content_type": [
      "education",
      "grouping"
    ],
    "object_id": "4",
    "object_repr": "математика-2",
    "action_flag": 1,
    "change_message": "[{\"added\": {}}]"
  }
},
{
  "model": "admin.logentry",
  "pk": 14,
  "fields": {
    "action_time": "2022-12-11T08:13:49.598Z",
    "user": [
      "root@root.kz"
    ],
    "content_type": [
      "education",
      "grouping"
    ],
    "object_id": "5",
    "object_repr": "математика-3",
    "action_flag": 1,
    "change_message": "[{\"added\": {}}]"
  }
},
{
  "model": "admin.logentry",
  "pk": 15,
  "fields": {
    "action_time": "2022-12-11T08:13:57.205Z",
    "user": [
      "root@root.kz"
    ],
    "content_type": [
      "education",
      "grouping"
    ],
    "object_id": "6",
    "object_repr": "химия-1",
    "action_flag": 1,
    "change_message": "[{\"added\": {}}]"
  }
},
{
  "model": "admin.logentry",
  "pk": 16,
  "fields": {
    "action_time": "2022-12-11T08:14:00.893Z",
    "user": [
      "root@root.kz"
    ],
    "content_type": [
      "education",
      "grouping"
    ],
    "object_id": "7",
    "object_repr": "химия-2",
    "action_flag": 1,
    "change_message": "[{\"added\": {}}]"
  }
},
{
  "model": "admin.logentry",
  "pk": 17,
  "fields": {
    "action_time": "2022-12-11T08:14:07.789Z",
    "user": [
      "root@root.kz"
    ],
    "content_type": [
      "education",
      "grouping"
    ],
    "object_id": "8",
    "object_repr": "химия-3",
    "action_flag": 1,
    "change_message": "[{\"added\": {}}]"
  }
},
{
  "model": "admin.logentry",
  "pk": 18,
  "fields": {
    "action_time": "2022-12-11T08:14:15.080Z",
    "user": [
      "root@root.kz"
    ],
    "content_type": [
      "education",
      "grouping"
    ],
    "object_id": "9",
    "object_repr": "информатика-1",
    "action_flag": 1,
    "change_message": "[{\"added\": {}}]"
  }
},
{
  "model": "admin.logentry",
  "pk": 19,
  "fields": {
    "action_time": "2022-12-11T08:14:20.658Z",
    "user": [
      "root@root.kz"
    ],
    "content_type": [
      "education",
      "grouping"
    ],
    "object_id": "10",
    "object_repr": "информатика-2",
    "action_flag": 1,
    "change_message": "[{\"added\": {}}]"
  }
},
{
  "model": "admin.logentry",
  "pk": 20,
  "fields": {
    "action_time": "2022-12-11T08:14:26.519Z",
    "user": [
      "root@root.kz"
    ],
    "content_type": [
      "education",
      "grouping"
    ],
    "object_id": "11",
    "object_repr": "информатика-3",
    "action_flag": 1,
    "change_message": "[{\"added\": {}}]"
  }
},
{
  "model": "admin.logentry",
  "pk": 21,
  "fields": {
    "action_time": "2022-12-11T08:14:33.339Z",
    "user": [
      "root@root.kz"
    ],
    "content_type": [
      "education",
      "schedule"
    ],
    "object_id": "1",
    "object_repr": "физика-1 - monday",
    "action_flag": 1,
    "change_message": "[{\"added\": {}}]"
  }
},
{
  "model": "admin.logentry",
  "pk": 22,
  "fields": {
    "action_time": "2022-12-11T08:14:38.219Z",
    "user": [
      "root@root.kz"
    ],
    "content_type": [
      "education",
      "schedule"
    ],
    "object_id": "2",
    "object_repr": "физика-1 - tuesday",
    "action_flag": 1,
    "change_message": "[{\"added\": {}}]"
  }
},
{
  "model": "admin.logentry",
  "pk": 23,
  "fields": {
    "action_time": "2022-12-11T08:14:45.333Z",
    "user": [
      "root@root.kz"
    ],
    "content_type": [
      "education",
      "schedule"
    ],
    "object_id": "3",
    "object_repr": "физика-1 - wednesday",
    "action_flag": 1,
    "change_message": "[{\"added\": {}}]"
  }
},
{
  "model": "admin.logentry",
  "pk": 24,
  "fields": {
    "action_time": "2022-12-11T08:14:50.109Z",
    "user": [
      "root@root.kz"
    ],
    "content_type": [
      "education",
      "schedule"
    ],
    "object_id": "4",
    "object_repr": "физика-2 - wednesday",
    "action_flag": 1,
    "change_message": "[{\"added\": {}}]"
  }
},
{
  "model": "admin.logentry",
  "pk": 25,
  "fields": {
    "action_time": "2022-12-11T08:14:55.143Z",
    "user": [
      "root@root.kz"
    ],
    "content_type": [
      "education",
      "schedule"
    ],
    "object_id": "5",
    "object_repr": "физика-2 - friday",
    "action_flag": 1,
    "change_message": "[{\"added\": {}}]"
  }
},
{
  "model": "admin.logentry",
  "pk": 26,
  "fields": {
    "action_time": "2022-12-11T08:15:00.367Z",
    "user": [
      "root@root.kz"
    ],
    "content_type": [
      "education",
      "schedule"
    ],
    "object_id": "6",
    "object_repr": "математика-1 - monday",
    "action_flag": 1,
    "change_message": "[{\"added\": {}}]"
  }
},
{
  "model": "admin.logentry",
  "pk": 27,
  "fields": {
    "action_time": "2022-12-11T08:15:04.860Z",
    "user": [
      "root@root.kz"
    ],
    "content_type": [
      "education",
      "schedule"
    ],
    "object_id": "7",
    "object_repr": "математика-1 - wednesday",
    "action_flag": 1,
    "change_message": "[{\"added\": {}}]"
  }
},
{
  "model": "admin.logentry",
  "pk": 28,
  "fields": {
    "action_time": "2022-12-11T08:15:08.610Z",
    "user": [
      "root@root.kz"
    ],
    "content_type": [
      "education",
      "schedule"
    ],
    "object_id": "8",
    "object_repr": "математика-3 - wednesday",
    "action_flag": 1,
    "change_message": "[{\"added\": {}}]"
  }
},
{
  "model": "admin.logentry",
  "pk": 29,
  "fields": {
    "action_time": "2022-12-11T08:15:12.563Z",
    "user": [
      "root@root.kz"
    ],
    "content_type": [
      "education",
      "schedule"
    ],
    "object_id": "9",
    "object_repr": "математика-3 - friday",
    "action_flag": 1,
    "change_message": "[{\"added\": {}}]"
  }
},
{
  "model": "admin.logentry",
  "pk": 30,
  "fields": {
    "action_time": "2022-12-11T08:15:17.356Z",
    "user": [
      "root@root.kz"
    ],
    "content_type": [
      "education",
      "schedule"
    ],
    "object_id": "10",
    "object_repr": "химия-1 - wednesday",
    "action_flag": 1,
    "change_message": "[{\"added\": {}}]"
  }
},
{
  "model": "admin.logentry",
  "pk": 31,
  "fields": {
    "action_time": "2022-12-11T08:15:20.854Z",
    "user": [
      "root@root.kz"
    ],
    "content_type": [
      "education",
      "schedule"
    ],
    "object_id": "11",
    "object_repr": "информатика-1 - thursday",
    "action_flag": 1,
    "change_message": "[{\"added\": {}}]"
  }
},
{
  "model": "admin.logentry",
  "pk": 32,
  "fields": {
    "action_time": "2022-12-11T08:15:25.430Z",
    "user": [
      "root@root.kz"
    ],
    "content_type": [
      "education",
      "schedule"
    ],
    "object_id": "12",
    "object_repr": "информатика-3 - wednesday",
    "action_flag": 1,
    "change_message": "[{\"added\": {}}]"
  }
},
{
  "model": "admin.logentry",
  "pk": 33,
  "fields": {
    "action_time": "2022-12-11T08:15:35.473Z",
    "user": [
      "root@root.kz"
    ],
    "content_type": [
      "education",
      "studentgrouping"
    ],
    "object_id": "1",
    "object_repr": "физика-1 - root@root.kz",
    "action_flag": 1,
    "change_message": "[{\"added\": {}}]"
  }
},
{
  "model": "admin.logentry",
  "pk": 34,
  "fields": {
    "action_time": "2022-12-11T08:15:39.211Z",
    "user": [
      "root@root.kz"
    ],
    "content_type": [
      "education",
      "studentgrouping"
    ],
    "object_id": "2",
    "object_repr": "физика-1 - sss@mail.ru",
    "action_flag": 1,
    "change_message": "[{\"added\": {}}]"
  }
},
{
  "model": "admin.logentry",
  "pk": 35,
  "fields": {
    "action_time": "2022-12-11T08:15:43.967Z",
    "user": [
      "root@root.kz"
    ],
    "content_type": [
      "education",
      "studentgrouping"
    ],
    "object_id": "3",
    "object_repr": "химия-1 - root@root.kz",
    "action_flag": 1,
    "change_message": "[{\"added\": {}}]"
  }
},
{
  "model": "admin.logentry",
  "pk": 36,
  "fields": {
    "action_time": "2022-12-11T08:15:46.933Z",
    "user": [
      "root@root.kz"
    ],
    "content_type": [
      "education",
      "studentgrouping"
    ],
    "object_id": "4",
    "object_repr": "физика-1 - sss@mail.ru",
    "action_flag": 1,
    "change_message": "[{\"added\": {}}]"
  }
},
{
  "model": "admin.logentry",
  "pk": 37,
  "fields": {
    "action_time": "2022-12-11T08:15:49.832Z",
    "user": [
      "root@root.kz"
    ],
    "content_type": [
      "education",
      "studentgrouping"
    ],
    "object_id": "5",
    "object_repr": "информатика-3 - sss@mail.ru",
    "action_flag": 1,
    "change_message": "[{\"added\": {}}]"
  }
},
{
  "model": "admin.logentry",
  "pk": 38,
  "fields": {
    "action_time": "2022-12-11T08:15:52.665Z",
    "user": [
      "root@root.kz"
    ],
    "content_type": [
      "education",
      "studentgrouping"
    ],
    "object_id": "6",
    "object_repr": "математика-3 - sss@mail.ru",
    "action_flag": 1,
    "change_message": "[{\"added\": {}}]"
  }
},
{
  "model": "admin.logentry",
  "pk": 39,
  "fields": {
    "action_time": "2022-12-11T08:16:23.444Z",
    "user": [
      "root@root.kz"
    ],
    "content_type": [
      "education",
      "application"
    ],
    "object_id": "1",
    "object_repr": "Заявка от: Иван",
    "action_flag": 1,
    "change_message": "[{\"added\": {}}]"
  }
},
{
  "model": "admin.logentry",
  "pk": 40,
  "fields": {
    "action_time": "2022-12-11T08:16:25.745Z",
    "user": [
      "root@root.kz"
    ],
    "content_type": [
      "education",
      "application"
    ],
    "object_id": "1",
    "object_repr": "Заявка от: Иван",
    "action_flag": 2,
    "change_message": "[]"
  }
},
{
  "model": "admin.logentry",
  "pk": 41,
  "fields": {
    "action_time": "2022-12-11T08:16:40.465Z",
    "user": [
      "root@root.kz"
    ],
    "content_type": [
      "education",
      "application"
    ],
    "object_id": "2",
    "object_repr": "Заявка от: Степан",
    "action_flag": 1,
    "change_message": "[{\"added\": {}}]"
  }
},
{
  "model": "admin.logentry",
  "pk": 42,
  "fields": {
    "action_time": "2022-12-11T08:16:54.949Z",
    "user": [
      "root@root.kz"
    ],
    "content_type": [
      "education",
      "status"
    ],
    "object_id": "1",
    "object_repr": "Создана",
    "action_flag": 1,
    "change_message": "[{\"added\": {}}]"
  }
},
{
  "model": "admin.logentry",
  "pk": 43,
  "fields": {
    "action_time": "2022-12-11T08:17:08.283Z",
    "user": [
      "root@root.kz"
    ],
    "content_type": [
      "education",
      "status"
    ],
    "object_id": "2",
    "object_repr": "Успешно закрыта",
    "action_flag": 1,
    "change_message": "[{\"added\": {}}]"
  }
},
{
  "model": "admin.logentry",
  "pk": 44,
  "fields": {
    "action_time": "2022-12-11T08:17:11.970Z",
    "user": [
      "root@root.kz"
    ],
    "content_type": [
      "education",
      "status"
    ],
    "object_id": "3",
    "object_repr": "Отклонена",
    "action_flag": 1,
    "change_message": "[{\"added\": {}}]"
  }
},
{
  "model": "admin.logentry",
  "pk": 45,
  "fields": {
    "action_time": "2022-12-11T08:17:18.736Z",
    "user": [
      "root@root.kz"
    ],
    "content_type": [
      "education",
      "status"
    ],
    "object_id": "4",
    "object_repr": "Подписание договора",
    "action_flag": 1,
    "change_message": "[{\"added\": {}}]"
  }
},
{
  "model": "admin.logentry",
  "pk": 46,
  "fields": {
    "action_time": "2022-12-11T08:17:30.655Z",
    "user": [
      "root@root.kz"
    ],
    "content_type": [
      "education",
      "applicationstatus"
    ],
    "object_id": "1",
    "object_repr": "Заявка от: Иван - Успешно закрыта",
    "action_flag": 1,
    "change_message": "[{\"added\": {}}]"
  }
},
{
  "model": "admin.logentry",
  "pk": 47,
  "fields": {
    "action_time": "2022-12-11T08:17:33.409Z",
    "user": [
      "root@root.kz"
    ],
    "content_type": [
      "education",
      "applicationstatus"
    ],
    "object_id": "2",
    "object_repr": "Заявка от: Степан - Подписание договора",
    "action_flag": 1,
    "change_message": "[{\"added\": {}}]"
  }
},
{
  "model": "admin.logentry",
  "pk": 48,
  "fields": {
    "action_time": "2022-12-11T08:17:36.667Z",
    "user": [
      "root@root.kz"
    ],
    "content_type": [
      "education",
      "applicationstatus"
    ],
    "object_id": "3",
    "object_repr": "Заявка от: Иван - Отклонена",
    "action_flag": 1,
    "change_message": "[{\"added\": {}}]"
  }
},
{
  "model": "admin.logentry",
  "pk": 49,
  "fields": {
    "action_time": "2022-12-15T16:25:30.130Z",
    "user": [
      "root@root.kz"
    ],
    "content_type": [
      "education",
      "discount"
    ],
    "object_id": "1",
    "object_repr": "Фиксированная",
    "action_flag": 1,
    "change_message": "[{\"added\": {}}]"
  }
},
{
  "model": "admin.logentry",
  "pk": 50,
  "fields": {
    "action_time": "2022-12-15T16:25:41.294Z",
    "user": [
      "root@root.kz"
    ],
    "content_type": [
      "education",
      "discount"
    ],
    "object_id": "2",
    "object_repr": "Реферальная",
    "action_flag": 1,
    "change_message": "[{\"added\": {}}]"
  }
},
{
  "model": "admin.logentry",
  "pk": 51,
  "fields": {
    "action_time": "2022-12-15T16:25:52.868Z",
    "user": [
      "root@root.kz"
    ],
    "content_type": [
      "education",
      "discount"
    ],
    "object_id": "3",
    "object_repr": "Олимпиада",
    "action_flag": 1,
    "change_message": "[{\"added\": {}}]"
  }
},
{
  "model": "admin.logentry",
  "pk": 52,
  "fields": {
    "action_time": "2022-12-15T16:26:01.933Z",
    "user": [
      "root@root.kz"
    ],
    "content_type": [
      "education",
      "discount"
    ],
    "object_id": "4",
    "object_repr": "Сертификат",
    "action_flag": 1,
    "change_message": "[{\"added\": {}}]"
  }
},
{
  "model": "admin.logentry",
  "pk": 53,
  "fields": {
    "action_time": "2022-12-15T16:26:13.544Z",
    "user": [
      "root@root.kz"
    ],
    "content_type": [
      "education",
      "application"
    ],
    "object_id": "2",
    "object_repr": "Заявка от: Степан",
    "action_flag": 2,
    "change_message": "[{\"changed\": {\"fields\": [\"Discounts\"]}}]"
  }
},
{
  "model": "admin.logentry",
  "pk": 54,
  "fields": {
    "action_time": "2022-12-16T04:57:23.245Z",
    "user": [
      "root@root.kz"
    ],
    "content_type": [
      "education",
      "subject"
    ],
    "object_id": "5",
    "object_repr": "Химия",
    "action_flag": 1,
    "change_message": "[{\"added\": {}}]"
  }
},
{
  "model": "admin.logentry",
  "pk": 55,
  "fields": {
    "action_time": "2022-12-16T04:57:40.822Z",
    "user": [
      "root@root.kz"
    ],
    "content_type": [
      "education",
      "subject"
    ],
    "object_id": "5",
    "object_repr": "история",
    "action_flag": 2,
    "change_message": "[{\"changed\": {\"fields\": [\"\\u041d\\u0430\\u0437\\u0432\\u0430\\u043d\\u0438\\u0435\"]}}]"
  }
},
{
  "model": "admin.logentry",
  "pk": 56,
  "fields": {
    "action_time": "2022-12-18T04:19:29.793Z",
    "user": [
      "root@root.kz"
    ],
    "content_type": [
      "education",
      "subject"
    ],
    "object_id": "6",
    "object_repr": "555",
    "action_flag": 3,
    "change_message": ""
  }
},
{
  "model": "admin.logentry",
  "pk": 57,
  "fields": {
    "action_time": "2022-12-18T04:20:20.620Z",
    "user": [
      "root@root.kz"
    ],
    "content_type": [
      "education",
      "subject"
    ],
    "object_id": "5",
    "object_repr": "Матсауат",
    "action_flag": 2,
    "change_message": "[{\"changed\": {\"fields\": [\"\\u041d\\u0430\\u0437\\u0432\\u0430\\u043d\\u0438\\u0435\"]}}]"
  }
},
{
  "model": "admin.logentry",
  "pk": 58,
  "fields": {
    "action_time": "2022-12-18T04:20:36.207Z",
    "user": [
      "root@root.kz"
    ],
    "content_type": [
      "education",
      "subject"
    ],
    "object_id": "4",
    "object_repr": "Қазақстан тарихы",
    "action_flag": 2,
    "change_message": "[{\"changed\": {\"fields\": [\"\\u041d\\u0430\\u0437\\u0432\\u0430\\u043d\\u0438\\u0435\", \"Is deleted\"]}}]"
  }
},
{
  "model": "admin.logentry",
  "pk": 59,
  "fields": {
    "action_time": "2022-12-18T04:20:59.567Z",
    "user": [
      "root@root.kz"
    ],
    "content_type": [
      "education",
      "subject"
    ],
    "object_id": "3",
    "object_repr": "Математика",
    "action_flag": 2,
    "change_message": "[{\"changed\": {\"fields\": [\"\\u041d\\u0430\\u0437\\u0432\\u0430\\u043d\\u0438\\u0435\"]}}]"
  }
},
{
  "model": "admin.logentry",
  "pk": 60,
  "fields": {
    "action_time": "2022-12-18T04:21:11.893Z",
    "user": [
      "root@root.kz"
    ],
    "content_type": [
      "education",
      "subject"
    ],
    "object_id": "2",
    "object_repr": "Физика",
    "action_flag": 2,
    "change_message": "[{\"changed\": {\"fields\": [\"\\u041d\\u0430\\u0437\\u0432\\u0430\\u043d\\u0438\\u0435\"]}}]"
  }
},
{
  "model": "admin.logentry",
  "pk": 61,
  "fields": {
    "action_time": "2022-12-18T04:21:26.737Z",
    "user": [
      "root@root.kz"
    ],
    "content_type": [
      "education",
      "subject"
    ],
    "object_id": "1",
    "object_repr": "Информатика",
    "action_flag": 2,
    "change_message": "[{\"changed\": {\"fields\": [\"\\u041d\\u0430\\u0437\\u0432\\u0430\\u043d\\u0438\\u0435\"]}}]"
  }
},
{
  "model": "admin.logentry",
  "pk": 62,
  "fields": {
    "action_time": "2022-12-18T04:21:38.681Z",
    "user": [
      "root@root.kz"
    ],
    "content_type": [
      "education",
      "subject"
    ],
    "object_id": "7",
    "object_repr": "ДЖТ",
    "action_flag": 1,
    "change_message": "[{\"added\": {}}]"
  }
},
{
  "model": "admin.logentry",
  "pk": 63,
  "fields": {
    "action_time": "2022-12-18T04:21:49.706Z",
    "user": [
      "root@root.kz"
    ],
    "content_type": [
      "education",
      "subject"
    ],
    "object_id": "8",
    "object_repr": "Химия",
    "action_flag": 1,
    "change_message": "[{\"added\": {}}]"
  }
},
{
  "model": "admin.logentry",
  "pk": 64,
  "fields": {
    "action_time": "2022-12-18T04:21:59.130Z",
    "user": [
      "root@root.kz"
    ],
    "content_type": [
      "education",
      "subject"
    ],
    "object_id": "9",
    "object_repr": "Биология",
    "action_flag": 1,
    "change_message": "[{\"added\": {}}]"
  }
},
{
  "model": "admin.logentry",
  "pk": 65,
  "fields": {
    "action_time": "2022-12-18T04:22:09.205Z",
    "user": [
      "root@root.kz"
    ],
    "content_type": [
      "education",
      "subject"
    ],
    "object_id": "10",
    "object_repr": "География",
    "action_flag": 1,
    "change_message": "[{\"added\": {}}]"
  }
},
{
  "model": "admin.logentry",
  "pk": 66,
  "fields": {
    "action_time": "2022-12-18T04:22:21.005Z",
    "user": [
      "root@root.kz"
    ],
    "content_type": [
      "education",
      "subject"
    ],
    "object_id": "11",
    "object_repr": "Ағылшын",
    "action_flag": 1,
    "change_message": "[{\"added\": {}}]"
  }
},
{
  "model": "admin.logentry",
  "pk": 67,
  "fields": {
    "action_time": "2022-12-18T04:53:19.692Z",
    "user": [
      "root@root.kz"
    ],
    "content_type": [
      "education",
      "discount"
    ],
    "object_id": "4",
    "object_repr": "Олимпиада",
    "action_flag": 2,
    "change_message": "[{\"changed\": {\"fields\": [\"\\u041d\\u0430\\u0437\\u0432\\u0430\\u043d\\u0438\\u0435\", \"\\u0420\\u0430\\u0437\\u043c\\u0435\\u0440 %\"]}}]"
  }
},
{
  "model": "admin.logentry",
  "pk": 68,
  "fields": {
    "action_time": "2022-12-18T04:53:39.575Z",
    "user": [
      "root@root.kz"
    ],
    "content_type": [
      "education",
      "discount"
    ],
    "object_id": "3",
    "object_repr": "Көпбалалы",
    "action_flag": 2,
    "change_message": "[{\"changed\": {\"fields\": [\"\\u041d\\u0430\\u0437\\u0432\\u0430\\u043d\\u0438\\u0435\", \"\\u0420\\u0430\\u0437\\u043c\\u0435\\u0440 %\"]}}]"
  }
},
{
  "model": "admin.logentry",
  "pk": 69,
  "fields": {
    "action_time": "2022-12-18T04:53:57.973Z",
    "user": [
      "root@root.kz"
    ],
    "content_type": [
      "education",
      "discount"
    ],
    "object_id": "2",
    "object_repr": "Жетім",
    "action_flag": 2,
    "change_message": "[{\"changed\": {\"fields\": [\"\\u041d\\u0430\\u0437\\u0432\\u0430\\u043d\\u0438\\u0435\", \"\\u0420\\u0430\\u0437\\u043c\\u0435\\u0440 %\"]}}]"
  }
},
{
  "model": "admin.logentry",
  "pk": 70,
  "fields": {
    "action_time": "2022-12-18T04:54:17.085Z",
    "user": [
      "root@root.kz"
    ],
    "content_type": [
      "education",
      "discount"
    ],
    "object_id": "1",
    "object_repr": "Екінші бала",
    "action_flag": 2,
    "change_message": "[{\"changed\": {\"fields\": [\"\\u041d\\u0430\\u0437\\u0432\\u0430\\u043d\\u0438\\u0435\", \"\\u0420\\u0430\\u0437\\u043c\\u0435\\u0440 %\"]}}]"
  }
},
{
  "model": "admin.logentry",
  "pk": 71,
  "fields": {
    "action_time": "2022-12-18T05:06:08.795Z",
    "user": [
      "root@root.kz"
    ],
    "content_type": [
      "education",
      "packet"
    ],
    "object_id": "1",
    "object_repr": "1 пән",
    "action_flag": 2,
    "change_message": "[{\"changed\": {\"fields\": [\"\\u041d\\u0430\\u0437\\u0432\\u0430\\u043d\\u0438\\u0435\", \"\\u041a\\u043e\\u043b\\u0438\\u0447\\u0435\\u0441\\u0442\\u0432\\u043e\", \"\\u0421\\u0443\\u043c\\u043c\\u0430\"]}}]"
  }
},
{
  "model": "admin.logentry",
  "pk": 72,
  "fields": {
    "action_time": "2022-12-18T05:06:26.640Z",
    "user": [
      "root@root.kz"
    ],
    "content_type": [
      "education",
      "packet"
    ],
    "object_id": "2",
    "object_repr": "2 пән",
    "action_flag": 1,
    "change_message": "[{\"added\": {}}]"
  }
},
{
  "model": "admin.logentry",
  "pk": 73,
  "fields": {
    "action_time": "2022-12-18T05:06:43.520Z",
    "user": [
      "root@root.kz"
    ],
    "content_type": [
      "education",
      "packet"
    ],
    "object_id": "3",
    "object_repr": "3 пән",
    "action_flag": 1,
    "change_message": "[{\"added\": {}}]"
  }
},
{
  "model": "admin.logentry",
  "pk": 74,
  "fields": {
    "action_time": "2022-12-18T05:06:53.892Z",
    "user": [
      "root@root.kz"
    ],
    "content_type": [
      "education",
      "packet"
    ],
    "object_id": "4",
    "object_repr": "4 пән",
    "action_flag": 1,
    "change_message": "[{\"added\": {}}]"
  }
},
{
  "model": "admin.logentry",
  "pk": 75,
  "fields": {
    "action_time": "2022-12-18T05:08:31.382Z",
    "user": [
      "root@root.kz"
    ],
    "content_type": [
      "education",
      "status"
    ],
    "object_id": "4",
    "object_repr": "В работе",
    "action_flag": 2,
    "change_message": "[{\"changed\": {\"fields\": [\"\\u041d\\u0430\\u0437\\u0432\\u0430\\u043d\\u0438\\u0435\"]}}]"
  }
},
{
  "model": "admin.logentry",
  "pk": 76,
  "fields": {
    "action_time": "2022-12-18T05:08:42.554Z",
    "user": [
      "root@root.kz"
    ],
    "content_type": [
      "education",
      "status"
    ],
    "object_id": "2",
    "object_repr": "Ожидание оплаты",
    "action_flag": 2,
    "change_message": "[{\"changed\": {\"fields\": [\"\\u041d\\u0430\\u0437\\u0432\\u0430\\u043d\\u0438\\u0435\"]}}]"
  }
},
{
  "model": "admin.logentry",
  "pk": 77,
  "fields": {
    "action_time": "2022-12-18T05:09:22.032Z",
    "user": [
      "root@root.kz"
    ],
    "content_type": [
      "education",
      "status"
    ],
    "object_id": "5",
    "object_repr": "Подписание договора",
    "action_flag": 1,
    "change_message": "[{\"added\": {}}]"
  }
},
{
  "model": "admin.logentry",
  "pk": 78,
  "fields": {
    "action_time": "2022-12-18T05:09:57.689Z",
    "user": [
      "root@root.kz"
    ],
    "content_type": [
      "education",
      "status"
    ],
    "object_id": "6",
    "object_repr": "Завершена",
    "action_flag": 1,
    "change_message": "[{\"added\": {}}]"
  }
},
{
  "model": "admin.logentry",
  "pk": 79,
  "fields": {
    "action_time": "2022-12-19T01:38:54.366Z",
    "user": [
      "root@root.kz"
    ],
    "content_type": [
      "education",
      "application"
    ],
    "object_id": "57",
    "object_repr": "Заявка от: hh",
    "action_flag": 3,
    "change_message": ""
  }
},
{
  "model": "admin.logentry",
  "pk": 80,
  "fields": {
    "action_time": "2022-12-19T01:38:54.382Z",
    "user": [
      "root@root.kz"
    ],
    "content_type": [
      "education",
      "application"
    ],
    "object_id": "56",
    "object_repr": "Заявка от: hhh",
    "action_flag": 3,
    "change_message": ""
  }
},
{
  "model": "admin.logentry",
  "pk": 81,
  "fields": {
    "action_time": "2022-12-19T01:38:54.382Z",
    "user": [
      "root@root.kz"
    ],
    "content_type": [
      "education",
      "application"
    ],
    "object_id": "55",
    "object_repr": "Заявка от: tt",
    "action_flag": 3,
    "change_message": ""
  }
},
{
  "model": "admin.logentry",
  "pk": 82,
  "fields": {
    "action_time": "2022-12-19T01:38:54.382Z",
    "user": [
      "root@root.kz"
    ],
    "content_type": [
      "education",
      "application"
    ],
    "object_id": "54",
    "object_repr": "Заявка от: yy",
    "action_flag": 3,
    "change_message": ""
  }
},
{
  "model": "admin.logentry",
  "pk": 83,
  "fields": {
    "action_time": "2022-12-19T01:38:54.382Z",
    "user": [
      "root@root.kz"
    ],
    "content_type": [
      "education",
      "application"
    ],
    "object_id": "53",
    "object_repr": "Заявка от: 68678",
    "action_flag": 3,
    "change_message": ""
  }
},
{
  "model": "admin.logentry",
  "pk": 84,
  "fields": {
    "action_time": "2022-12-19T01:38:54.382Z",
    "user": [
      "root@root.kz"
    ],
    "content_type": [
      "education",
      "application"
    ],
    "object_id": "52",
    "object_repr": "Заявка от: 68678",
    "action_flag": 3,
    "change_message": ""
  }
},
{
  "model": "admin.logentry",
  "pk": 85,
  "fields": {
    "action_time": "2022-12-19T01:38:54.390Z",
    "user": [
      "root@root.kz"
    ],
    "content_type": [
      "education",
      "application"
    ],
    "object_id": "51",
    "object_repr": "Заявка от: 55",
    "action_flag": 3,
    "change_message": ""
  }
},
{
  "model": "admin.logentry",
  "pk": 86,
  "fields": {
    "action_time": "2022-12-19T01:38:54.391Z",
    "user": [
      "root@root.kz"
    ],
    "content_type": [
      "education",
      "application"
    ],
    "object_id": "50",
    "object_repr": "Заявка от: ddd",
    "action_flag": 3,
    "change_message": ""
  }
},
{
  "model": "admin.logentry",
  "pk": 87,
  "fields": {
    "action_time": "2022-12-19T01:38:54.391Z",
    "user": [
      "root@root.kz"
    ],
    "content_type": [
      "education",
      "application"
    ],
    "object_id": "49",
    "object_repr": "Заявка от: iyi",
    "action_flag": 3,
    "change_message": ""
  }
},
{
  "model": "admin.logentry",
  "pk": 88,
  "fields": {
    "action_time": "2022-12-19T01:38:54.391Z",
    "user": [
      "root@root.kz"
    ],
    "content_type": [
      "education",
      "application"
    ],
    "object_id": "48",
    "object_repr": "Заявка от: 55",
    "action_flag": 3,
    "change_message": ""
  }
},
{
  "model": "admin.logentry",
  "pk": 89,
  "fields": {
    "action_time": "2022-12-19T01:38:54.391Z",
    "user": [
      "root@root.kz"
    ],
    "content_type": [
      "education",
      "application"
    ],
    "object_id": "47",
    "object_repr": "Заявка от: ss",
    "action_flag": 3,
    "change_message": ""
  }
},
{
  "model": "admin.logentry",
  "pk": 90,
  "fields": {
    "action_time": "2022-12-19T01:38:54.391Z",
    "user": [
      "root@root.kz"
    ],
    "content_type": [
      "education",
      "application"
    ],
    "object_id": "46",
    "object_repr": "Заявка от: 5555",
    "action_flag": 3,
    "change_message": ""
  }
},
{
  "model": "admin.logentry",
  "pk": 91,
  "fields": {
    "action_time": "2022-12-19T01:38:54.391Z",
    "user": [
      "root@root.kz"
    ],
    "content_type": [
      "education",
      "application"
    ],
    "object_id": "45",
    "object_repr": "Заявка от: 5555",
    "action_flag": 3,
    "change_message": ""
  }
},
{
  "model": "admin.logentry",
  "pk": 92,
  "fields": {
    "action_time": "2022-12-19T01:38:54.391Z",
    "user": [
      "root@root.kz"
    ],
    "content_type": [
      "education",
      "application"
    ],
    "object_id": "44",
    "object_repr": "Заявка от: ss",
    "action_flag": 3,
    "change_message": ""
  }
},
{
  "model": "admin.logentry",
  "pk": 93,
  "fields": {
    "action_time": "2022-12-19T01:38:54.399Z",
    "user": [
      "root@root.kz"
    ],
    "content_type": [
      "education",
      "application"
    ],
    "object_id": "43",
    "object_repr": "Заявка от: s",
    "action_flag": 3,
    "change_message": ""
  }
},
{
  "model": "admin.logentry",
  "pk": 94,
  "fields": {
    "action_time": "2022-12-19T01:38:54.399Z",
    "user": [
      "root@root.kz"
    ],
    "content_type": [
      "education",
      "application"
    ],
    "object_id": "42",
    "object_repr": "Заявка от: s",
    "action_flag": 3,
    "change_message": ""
  }
},
{
  "model": "admin.logentry",
  "pk": 95,
  "fields": {
    "action_time": "2022-12-19T01:38:54.399Z",
    "user": [
      "root@root.kz"
    ],
    "content_type": [
      "education",
      "application"
    ],
    "object_id": "41",
    "object_repr": "Заявка от: www",
    "action_flag": 3,
    "change_message": ""
  }
},
{
  "model": "admin.logentry",
  "pk": 96,
  "fields": {
    "action_time": "2022-12-19T01:38:54.399Z",
    "user": [
      "root@root.kz"
    ],
    "content_type": [
      "education",
      "application"
    ],
    "object_id": "40",
    "object_repr": "Заявка от: 5555",
    "action_flag": 3,
    "change_message": ""
  }
},
{
  "model": "admin.logentry",
  "pk": 97,
  "fields": {
    "action_time": "2022-12-19T01:38:54.399Z",
    "user": [
      "root@root.kz"
    ],
    "content_type": [
      "education",
      "application"
    ],
    "object_id": "39",
    "object_repr": "Заявка от: dd",
    "action_flag": 3,
    "change_message": ""
  }
},
{
  "model": "admin.logentry",
  "pk": 98,
  "fields": {
    "action_time": "2022-12-19T01:38:54.399Z",
    "user": [
      "root@root.kz"
    ],
    "content_type": [
      "education",
      "application"
    ],
    "object_id": "38",
    "object_repr": "Заявка от: s",
    "action_flag": 3,
    "change_message": ""
  }
},
{
  "model": "admin.logentry",
  "pk": 99,
  "fields": {
    "action_time": "2022-12-19T01:38:54.399Z",
    "user": [
      "root@root.kz"
    ],
    "content_type": [
      "education",
      "application"
    ],
    "object_id": "37",
    "object_repr": "Заявка от: s",
    "action_flag": 3,
    "change_message": ""
  }
},
{
  "model": "admin.logentry",
  "pk": 100,
  "fields": {
    "action_time": "2022-12-19T01:38:54.407Z",
    "user": [
      "root@root.kz"
    ],
    "content_type": [
      "education",
      "application"
    ],
    "object_id": "36",
    "object_repr": "Заявка от: s",
    "action_flag": 3,
    "change_message": ""
  }
},
{
  "model": "admin.logentry",
  "pk": 101,
  "fields": {
    "action_time": "2022-12-19T01:38:54.408Z",
    "user": [
      "root@root.kz"
    ],
    "content_type": [
      "education",
      "application"
    ],
    "object_id": "35",
    "object_repr": "Заявка от: s",
    "action_flag": 3,
    "change_message": ""
  }
},
{
  "model": "admin.logentry",
  "pk": 102,
  "fields": {
    "action_time": "2022-12-19T01:38:54.408Z",
    "user": [
      "root@root.kz"
    ],
    "content_type": [
      "education",
      "application"
    ],
    "object_id": "34",
    "object_repr": "Заявка от: s",
    "action_flag": 3,
    "change_message": ""
  }
},
{
  "model": "admin.logentry",
  "pk": 103,
  "fields": {
    "action_time": "2022-12-19T01:38:54.408Z",
    "user": [
      "root@root.kz"
    ],
    "content_type": [
      "education",
      "application"
    ],
    "object_id": "33",
    "object_repr": "Заявка от: dd",
    "action_flag": 3,
    "change_message": ""
  }
},
{
  "model": "admin.logentry",
  "pk": 104,
  "fields": {
    "action_time": "2022-12-19T01:38:54.408Z",
    "user": [
      "root@root.kz"
    ],
    "content_type": [
      "education",
      "application"
    ],
    "object_id": "32",
    "object_repr": "Заявка от: s",
    "action_flag": 3,
    "change_message": ""
  }
},
{
  "model": "admin.logentry",
  "pk": 105,
  "fields": {
    "action_time": "2022-12-19T01:38:54.408Z",
    "user": [
      "root@root.kz"
    ],
    "content_type": [
      "education",
      "application"
    ],
    "object_id": "31",
    "object_repr": "Заявка от: dw",
    "action_flag": 3,
    "change_message": ""
  }
},
{
  "model": "admin.logentry",
  "pk": 106,
  "fields": {
    "action_time": "2022-12-19T01:38:54.408Z",
    "user": [
      "root@root.kz"
    ],
    "content_type": [
      "education",
      "application"
    ],
    "object_id": "30",
    "object_repr": "Заявка от: 3131",
    "action_flag": 3,
    "change_message": ""
  }
},
{
  "model": "admin.logentry",
  "pk": 107,
  "fields": {
    "action_time": "2022-12-19T01:38:54.408Z",
    "user": [
      "root@root.kz"
    ],
    "content_type": [
      "education",
      "application"
    ],
    "object_id": "29",
    "object_repr": "Заявка от: wew",
    "action_flag": 3,
    "change_message": ""
  }
},
{
  "model": "admin.logentry",
  "pk": 108,
  "fields": {
    "action_time": "2022-12-19T01:38:54.416Z",
    "user": [
      "root@root.kz"
    ],
    "content_type": [
      "education",
      "application"
    ],
    "object_id": "28",
    "object_repr": "Заявка от: 666",
    "action_flag": 3,
    "change_message": ""
  }
},
{
  "model": "admin.logentry",
  "pk": 109,
  "fields": {
    "action_time": "2022-12-19T01:38:54.416Z",
    "user": [
      "root@root.kz"
    ],
    "content_type": [
      "education",
      "application"
    ],
    "object_id": "27",
    "object_repr": "Заявка от: 666",
    "action_flag": 3,
    "change_message": ""
  }
},
{
  "model": "admin.logentry",
  "pk": 110,
  "fields": {
    "action_time": "2022-12-19T01:38:54.416Z",
    "user": [
      "root@root.kz"
    ],
    "content_type": [
      "education",
      "application"
    ],
    "object_id": "26",
    "object_repr": "Заявка от: 666",
    "action_flag": 3,
    "change_message": ""
  }
},
{
  "model": "admin.logentry",
  "pk": 111,
  "fields": {
    "action_time": "2022-12-19T01:38:54.416Z",
    "user": [
      "root@root.kz"
    ],
    "content_type": [
      "education",
      "application"
    ],
    "object_id": "25",
    "object_repr": "Заявка от: wrw",
    "action_flag": 3,
    "change_message": ""
  }
},
{
  "model": "admin.logentry",
  "pk": 112,
  "fields": {
    "action_time": "2022-12-19T01:38:54.416Z",
    "user": [
      "root@root.kz"
    ],
    "content_type": [
      "education",
      "application"
    ],
    "object_id": "24",
    "object_repr": "Заявка от: fdsfs",
    "action_flag": 3,
    "change_message": ""
  }
},
{
  "model": "admin.logentry",
  "pk": 113,
  "fields": {
    "action_time": "2022-12-19T01:38:54.416Z",
    "user": [
      "root@root.kz"
    ],
    "content_type": [
      "education",
      "application"
    ],
    "object_id": "23",
    "object_repr": "Заявка от: fdsfs",
    "action_flag": 3,
    "change_message": ""
  }
},
{
  "model": "admin.logentry",
  "pk": 114,
  "fields": {
    "action_time": "2022-12-19T01:38:54.424Z",
    "user": [
      "root@root.kz"
    ],
    "content_type": [
      "education",
      "application"
    ],
    "object_id": "22",
    "object_repr": "Заявка от: ds",
    "action_flag": 3,
    "change_message": ""
  }
},
{
  "model": "admin.logentry",
  "pk": 115,
  "fields": {
    "action_time": "2022-12-19T01:38:54.425Z",
    "user": [
      "root@root.kz"
    ],
    "content_type": [
      "education",
      "application"
    ],
    "object_id": "21",
    "object_repr": "Заявка от: s",
    "action_flag": 3,
    "change_message": ""
  }
},
{
  "model": "admin.logentry",
  "pk": 116,
  "fields": {
    "action_time": "2022-12-19T01:38:54.425Z",
    "user": [
      "root@root.kz"
    ],
    "content_type": [
      "education",
      "application"
    ],
    "object_id": "20",
    "object_repr": "Заявка от: ds",
    "action_flag": 3,
    "change_message": ""
  }
},
{
  "model": "admin.logentry",
  "pk": 117,
  "fields": {
    "action_time": "2022-12-19T01:38:54.425Z",
    "user": [
      "root@root.kz"
    ],
    "content_type": [
      "education",
      "application"
    ],
    "object_id": "19",
    "object_repr": "Заявка от: dsdsd",
    "action_flag": 3,
    "change_message": ""
  }
},
{
  "model": "admin.logentry",
  "pk": 118,
  "fields": {
    "action_time": "2022-12-19T01:38:54.425Z",
    "user": [
      "root@root.kz"
    ],
    "content_type": [
      "education",
      "application"
    ],
    "object_id": "18",
    "object_repr": "Заявка от: ds",
    "action_flag": 3,
    "change_message": ""
  }
},
{
  "model": "admin.logentry",
  "pk": 119,
  "fields": {
    "action_time": "2022-12-19T01:38:54.425Z",
    "user": [
      "root@root.kz"
    ],
    "content_type": [
      "education",
      "application"
    ],
    "object_id": "17",
    "object_repr": "Заявка от: qqq",
    "action_flag": 3,
    "change_message": ""
  }
},
{
  "model": "admin.logentry",
  "pk": 120,
  "fields": {
    "action_time": "2022-12-19T01:38:54.425Z",
    "user": [
      "root@root.kz"
    ],
    "content_type": [
      "education",
      "application"
    ],
    "object_id": "16",
    "object_repr": "Заявка от: sss",
    "action_flag": 3,
    "change_message": ""
  }
},
{
  "model": "admin.logentry",
  "pk": 121,
  "fields": {
    "action_time": "2022-12-19T01:38:54.425Z",
    "user": [
      "root@root.kz"
    ],
    "content_type": [
      "education",
      "application"
    ],
    "object_id": "15",
    "object_repr": "Заявка от: cscs",
    "action_flag": 3,
    "change_message": ""
  }
},
{
  "model": "admin.logentry",
  "pk": 122,
  "fields": {
    "action_time": "2022-12-19T01:38:54.433Z",
    "user": [
      "root@root.kz"
    ],
    "content_type": [
      "education",
      "application"
    ],
    "object_id": "14",
    "object_repr": "Заявка от: ыч",
    "action_flag": 3,
    "change_message": ""
  }
},
{
  "model": "admin.logentry",
  "pk": 123,
  "fields": {
    "action_time": "2022-12-19T01:38:54.433Z",
    "user": [
      "root@root.kz"
    ],
    "content_type": [
      "education",
      "application"
    ],
    "object_id": "13",
    "object_repr": "Заявка от: вы",
    "action_flag": 3,
    "change_message": ""
  }
},
{
  "model": "admin.logentry",
  "pk": 124,
  "fields": {
    "action_time": "2022-12-19T01:38:54.433Z",
    "user": [
      "root@root.kz"
    ],
    "content_type": [
      "education",
      "application"
    ],
    "object_id": "12",
    "object_repr": "Заявка от: s",
    "action_flag": 3,
    "change_message": ""
  }
},
{
  "model": "admin.logentry",
  "pk": 125,
  "fields": {
    "action_time": "2022-12-19T01:38:54.433Z",
    "user": [
      "root@root.kz"
    ],
    "content_type": [
      "education",
      "application"
    ],
    "object_id": "11",
    "object_repr": "Заявка от: s",
    "action_flag": 3,
    "change_message": ""
  }
},
{
  "model": "admin.logentry",
  "pk": 126,
  "fields": {
    "action_time": "2022-12-19T01:38:54.433Z",
    "user": [
      "root@root.kz"
    ],
    "content_type": [
      "education",
      "application"
    ],
    "object_id": "10",
    "object_repr": "Заявка от: yhuyhytyhyu",
    "action_flag": 3,
    "change_message": ""
  }
},
{
  "model": "admin.logentry",
  "pk": 127,
  "fields": {
    "action_time": "2022-12-19T01:38:54.433Z",
    "user": [
      "root@root.kz"
    ],
    "content_type": [
      "education",
      "application"
    ],
    "object_id": "9",
    "object_repr": "Заявка от: Надежда",
    "action_flag": 3,
    "change_message": ""
  }
},
{
  "model": "admin.logentry",
  "pk": 128,
  "fields": {
    "action_time": "2022-12-19T01:38:54.433Z",
    "user": [
      "root@root.kz"
    ],
    "content_type": [
      "education",
      "application"
    ],
    "object_id": "8",
    "object_repr": "Заявка от: Надежда",
    "action_flag": 3,
    "change_message": ""
  }
},
{
  "model": "admin.logentry",
  "pk": 129,
  "fields": {
    "action_time": "2022-12-19T01:38:54.442Z",
    "user": [
      "root@root.kz"
    ],
    "content_type": [
      "education",
      "application"
    ],
    "object_id": "7",
    "object_repr": "Заявка от: Надежда",
    "action_flag": 3,
    "change_message": ""
  }
},
{
  "model": "admin.logentry",
  "pk": 130,
  "fields": {
    "action_time": "2022-12-19T01:38:54.442Z",
    "user": [
      "root@root.kz"
    ],
    "content_type": [
      "education",
      "application"
    ],
    "object_id": "6",
    "object_repr": "Заявка от: Ггг",
    "action_flag": 3,
    "change_message": ""
  }
},
{
  "model": "admin.logentry",
  "pk": 131,
  "fields": {
    "action_time": "2022-12-19T01:38:54.442Z",
    "user": [
      "root@root.kz"
    ],
    "content_type": [
      "education",
      "application"
    ],
    "object_id": "5",
    "object_repr": "Заявка от: hhh",
    "action_flag": 3,
    "change_message": ""
  }
},
{
  "model": "admin.logentry",
  "pk": 132,
  "fields": {
    "action_time": "2022-12-19T16:49:55.057Z",
    "user": [
      "root@root.kz"
    ],
    "content_type": [
      "education",
      "applicationstatus"
    ],
    "object_id": "74",
    "object_repr": "Заявка от: Надежда - Ожидание оплаты",
    "action_flag": 1,
    "change_message": "[{\"added\": {}}]"
  }
},
{
  "model": "admin.logentry",
  "pk": 133,
  "fields": {
    "action_time": "2022-12-20T14:21:39.873Z",
    "user": [
      "root@root.kz"
    ],
    "content_type": [
      "education",
      "discount"
    ],
    "object_id": "4",
    "object_repr": "Олимпиада",
    "action_flag": 2,
    "change_message": "[{\"changed\": {\"fields\": [\"\\u0420\\u0430\\u0437\\u043c\\u0435\\u0440 %\"]}}]"
  }
},
{
  "model": "admin.logentry",
  "pk": 134,
  "fields": {
    "action_time": "2022-12-20T14:21:59.086Z",
    "user": [
      "root@root.kz"
    ],
    "content_type": [
      "education",
      "discount"
    ],
    "object_id": "4",
    "object_repr": "Олимпиада",
    "action_flag": 2,
    "change_message": "[{\"changed\": {\"fields\": [\"\\u0420\\u0430\\u0437\\u043c\\u0435\\u0440 %\"]}}]"
  }
},
{
  "model": "admin.logentry",
  "pk": 135,
  "fields": {
    "action_time": "2022-12-21T15:14:24.955Z",
    "user": [
      "root@root.kz"
    ],
    "content_type": [
      "education",
      "applicationstatus"
    ],
    "object_id": "86",
    "object_repr": "Заявка от: Надежда - В работе",
    "action_flag": 3,
    "change_message": ""
  }
},
{
  "model": "admin.logentry",
  "pk": 136,
  "fields": {
    "action_time": "2022-12-21T15:14:24.962Z",
    "user": [
      "root@root.kz"
    ],
    "content_type": [
      "education",
      "applicationstatus"
    ],
    "object_id": "83",
    "object_repr": "Заявка от: Надежда - В работе",
    "action_flag": 3,
    "change_message": ""
  }
},
{
  "model": "admin.logentry",
  "pk": 137,
  "fields": {
    "action_time": "2022-12-21T15:14:24.964Z",
    "user": [
      "root@root.kz"
    ],
    "content_type": [
      "education",
      "applicationstatus"
    ],
    "object_id": "81",
    "object_repr": "Заявка от: Надежда - Завершена",
    "action_flag": 3,
    "change_message": ""
  }
},
{
  "model": "admin.logentry",
  "pk": 138,
  "fields": {
    "action_time": "2022-12-21T15:14:24.965Z",
    "user": [
      "root@root.kz"
    ],
    "content_type": [
      "education",
      "applicationstatus"
    ],
    "object_id": "78",
    "object_repr": "Заявка от: Надежда - Создана",
    "action_flag": 3,
    "change_message": ""
  }
},
{
  "model": "admin.logentry",
  "pk": 139,
  "fields": {
    "action_time": "2022-12-21T15:14:24.966Z",
    "user": [
      "root@root.kz"
    ],
    "content_type": [
      "education",
      "applicationstatus"
    ],
    "object_id": "77",
    "object_repr": "Заявка от: Надежда - Создана",
    "action_flag": 3,
    "change_message": ""
  }
},
{
  "model": "admin.logentry",
  "pk": 140,
  "fields": {
    "action_time": "2022-12-21T15:14:24.967Z",
    "user": [
      "root@root.kz"
    ],
    "content_type": [
      "education",
      "applicationstatus"
    ],
    "object_id": "76",
    "object_repr": "Заявка от: Надежда - Создана",
    "action_flag": 3,
    "change_message": ""
  }
},
{
  "model": "admin.logentry",
  "pk": 141,
  "fields": {
    "action_time": "2022-12-21T15:14:24.969Z",
    "user": [
      "root@root.kz"
    ],
    "content_type": [
      "education",
      "applicationstatus"
    ],
    "object_id": "75",
    "object_repr": "Заявка от: Надежда - Создана",
    "action_flag": 3,
    "change_message": ""
  }
},
{
  "model": "admin.logentry",
  "pk": 142,
  "fields": {
    "action_time": "2022-12-21T15:14:24.970Z",
    "user": [
      "root@root.kz"
    ],
    "content_type": [
      "education",
      "applicationstatus"
    ],
    "object_id": "74",
    "object_repr": "Заявка от: Надежда - Ожидание оплаты",
    "action_flag": 3,
    "change_message": ""
  }
},
{
  "model": "admin.logentry",
  "pk": 143,
  "fields": {
    "action_time": "2022-12-21T15:14:24.971Z",
    "user": [
      "root@root.kz"
    ],
    "content_type": [
      "education",
      "applicationstatus"
    ],
    "object_id": "73",
    "object_repr": "Заявка от: Надежда - Создана",
    "action_flag": 3,
    "change_message": ""
  }
},
{
  "model": "admin.logentry",
  "pk": 144,
  "fields": {
    "action_time": "2022-12-21T15:14:24.972Z",
    "user": [
      "root@root.kz"
    ],
    "content_type": [
      "education",
      "applicationstatus"
    ],
    "object_id": "72",
    "object_repr": "Заявка от: Надежда - Создана",
    "action_flag": 3,
    "change_message": ""
  }
},
{
  "model": "admin.logentry",
  "pk": 145,
  "fields": {
    "action_time": "2022-12-21T15:14:24.973Z",
    "user": [
      "root@root.kz"
    ],
    "content_type": [
      "education",
      "applicationstatus"
    ],
    "object_id": "71",
    "object_repr": "Заявка от: 66yy` - Создана",
    "action_flag": 3,
    "change_message": ""
  }
},
{
  "model": "admin.logentry",
  "pk": 146,
  "fields": {
    "action_time": "2022-12-21T15:14:24.974Z",
    "user": [
      "root@root.kz"
    ],
    "content_type": [
      "education",
      "applicationstatus"
    ],
    "object_id": "70",
    "object_repr": "Заявка от: xsxs - Создана",
    "action_flag": 3,
    "change_message": ""
  }
},
{
  "model": "admin.logentry",
  "pk": 147,
  "fields": {
    "action_time": "2022-12-21T15:14:24.976Z",
    "user": [
      "root@root.kz"
    ],
    "content_type": [
      "education",
      "applicationstatus"
    ],
    "object_id": "69",
    "object_repr": "Заявка от: ss - Создана",
    "action_flag": 3,
    "change_message": ""
  }
},
{
  "model": "admin.logentry",
  "pk": 148,
  "fields": {
    "action_time": "2022-12-21T15:14:24.977Z",
    "user": [
      "root@root.kz"
    ],
    "content_type": [
      "education",
      "applicationstatus"
    ],
    "object_id": "68",
    "object_repr": "Заявка от: ss - Создана",
    "action_flag": 3,
    "change_message": ""
  }
},
{
  "model": "admin.logentry",
  "pk": 149,
  "fields": {
    "action_time": "2022-12-21T15:14:24.978Z",
    "user": [
      "root@root.kz"
    ],
    "content_type": [
      "education",
      "applicationstatus"
    ],
    "object_id": "67",
    "object_repr": "Заявка от: ss - Создана",
    "action_flag": 3,
    "change_message": ""
  }
},
{
  "model": "admin.logentry",
  "pk": 150,
  "fields": {
    "action_time": "2022-12-21T15:14:24.979Z",
    "user": [
      "root@root.kz"
    ],
    "content_type": [
      "education",
      "applicationstatus"
    ],
    "object_id": "66",
    "object_repr": "Заявка от: sS - Создана",
    "action_flag": 3,
    "change_message": ""
  }
},
{
  "model": "admin.logentry",
  "pk": 151,
  "fields": {
    "action_time": "2022-12-21T15:14:24.982Z",
    "user": [
      "root@root.kz"
    ],
    "content_type": [
      "education",
      "applicationstatus"
    ],
    "object_id": "65",
    "object_repr": "Заявка от: dd - Создана",
    "action_flag": 3,
    "change_message": ""
  }
},
{
  "model": "admin.logentry",
  "pk": 152,
  "fields": {
    "action_time": "2022-12-21T15:14:24.983Z",
    "user": [
      "root@root.kz"
    ],
    "content_type": [
      "education",
      "applicationstatus"
    ],
    "object_id": "64",
    "object_repr": "Заявка от: ddd - Создана",
    "action_flag": 3,
    "change_message": ""
  }
},
{
  "model": "admin.logentry",
  "pk": 153,
  "fields": {
    "action_time": "2022-12-21T15:14:24.984Z",
    "user": [
      "root@root.kz"
    ],
    "content_type": [
      "education",
      "applicationstatus"
    ],
    "object_id": "63",
    "object_repr": "Заявка от: ww - Создана",
    "action_flag": 3,
    "change_message": ""
  }
},
{
  "model": "admin.logentry",
  "pk": 154,
  "fields": {
    "action_time": "2022-12-21T15:14:24.985Z",
    "user": [
      "root@root.kz"
    ],
    "content_type": [
      "education",
      "applicationstatus"
    ],
    "object_id": "11",
    "object_repr": "Заявка от: Иван - В работе",
    "action_flag": 3,
    "change_message": ""
  }
},
{
  "model": "admin.logentry",
  "pk": 155,
  "fields": {
    "action_time": "2022-12-21T15:14:24.986Z",
    "user": [
      "root@root.kz"
    ],
    "content_type": [
      "education",
      "applicationstatus"
    ],
    "object_id": "8",
    "object_repr": "Заявка от: Рахат - Создана",
    "action_flag": 3,
    "change_message": ""
  }
},
{
  "model": "admin.logentry",
  "pk": 156,
  "fields": {
    "action_time": "2022-12-21T15:14:24.987Z",
    "user": [
      "root@root.kz"
    ],
    "content_type": [
      "education",
      "applicationstatus"
    ],
    "object_id": "7",
    "object_repr": "Заявка от: Дмитрий - Создана",
    "action_flag": 3,
    "change_message": ""
  }
},
{
  "model": "admin.logentry",
  "pk": 157,
  "fields": {
    "action_time": "2022-12-21T15:14:24.989Z",
    "user": [
      "root@root.kz"
    ],
    "content_type": [
      "education",
      "applicationstatus"
    ],
    "object_id": "5",
    "object_repr": "Заявка от: Степан - Создана",
    "action_flag": 3,
    "change_message": ""
  }
},
{
  "model": "admin.logentry",
  "pk": 158,
  "fields": {
    "action_time": "2022-12-21T15:14:38.387Z",
    "user": [
      "root@root.kz"
    ],
    "content_type": [
      "education",
      "application"
    ],
    "object_id": "74",
    "object_repr": "Заявка от: Надежда",
    "action_flag": 3,
    "change_message": ""
  }
},
{
  "model": "admin.logentry",
  "pk": 159,
  "fields": {
    "action_time": "2022-12-21T15:14:38.397Z",
    "user": [
      "root@root.kz"
    ],
    "content_type": [
      "education",
      "application"
    ],
    "object_id": "73",
    "object_repr": "Заявка от: Надежда",
    "action_flag": 3,
    "change_message": ""
  }
},
{
  "model": "admin.logentry",
  "pk": 160,
  "fields": {
    "action_time": "2022-12-21T15:14:38.399Z",
    "user": [
      "root@root.kz"
    ],
    "content_type": [
      "education",
      "application"
    ],
    "object_id": "72",
    "object_repr": "Заявка от: Надежда",
    "action_flag": 3,
    "change_message": ""
  }
},
{
  "model": "admin.logentry",
  "pk": 161,
  "fields": {
    "action_time": "2022-12-21T15:14:38.400Z",
    "user": [
      "root@root.kz"
    ],
    "content_type": [
      "education",
      "application"
    ],
    "object_id": "71",
    "object_repr": "Заявка от: Надежда",
    "action_flag": 3,
    "change_message": ""
  }
},
{
  "model": "admin.logentry",
  "pk": 162,
  "fields": {
    "action_time": "2022-12-21T15:14:38.401Z",
    "user": [
      "root@root.kz"
    ],
    "content_type": [
      "education",
      "application"
    ],
    "object_id": "70",
    "object_repr": "Заявка от: Надежда",
    "action_flag": 3,
    "change_message": ""
  }
},
{
  "model": "admin.logentry",
  "pk": 163,
  "fields": {
    "action_time": "2022-12-21T15:14:38.403Z",
    "user": [
      "root@root.kz"
    ],
    "content_type": [
      "education",
      "application"
    ],
    "object_id": "69",
    "object_repr": "Заявка от: Надежда",
    "action_flag": 3,
    "change_message": ""
  }
},
{
  "model": "admin.logentry",
  "pk": 164,
  "fields": {
    "action_time": "2022-12-21T15:14:38.404Z",
    "user": [
      "root@root.kz"
    ],
    "content_type": [
      "education",
      "application"
    ],
    "object_id": "68",
    "object_repr": "Заявка от: Надежда",
    "action_flag": 3,
    "change_message": ""
  }
},
{
  "model": "admin.logentry",
  "pk": 165,
  "fields": {
    "action_time": "2022-12-21T15:14:38.405Z",
    "user": [
      "root@root.kz"
    ],
    "content_type": [
      "education",
      "application"
    ],
    "object_id": "67",
    "object_repr": "Заявка от: Надежда",
    "action_flag": 3,
    "change_message": ""
  }
},
{
  "model": "admin.logentry",
  "pk": 166,
  "fields": {
    "action_time": "2022-12-21T15:14:38.406Z",
    "user": [
      "root@root.kz"
    ],
    "content_type": [
      "education",
      "application"
    ],
    "object_id": "66",
    "object_repr": "Заявка от: 66yy`",
    "action_flag": 3,
    "change_message": ""
  }
},
{
  "model": "admin.logentry",
  "pk": 167,
  "fields": {
    "action_time": "2022-12-21T15:14:38.408Z",
    "user": [
      "root@root.kz"
    ],
    "content_type": [
      "education",
      "application"
    ],
    "object_id": "65",
    "object_repr": "Заявка от: xsxs",
    "action_flag": 3,
    "change_message": ""
  }
},
{
  "model": "admin.logentry",
  "pk": 168,
  "fields": {
    "action_time": "2022-12-21T15:14:38.409Z",
    "user": [
      "root@root.kz"
    ],
    "content_type": [
      "education",
      "application"
    ],
    "object_id": "64",
    "object_repr": "Заявка от: ss",
    "action_flag": 3,
    "change_message": ""
  }
},
{
  "model": "admin.logentry",
  "pk": 169,
  "fields": {
    "action_time": "2022-12-21T15:14:38.410Z",
    "user": [
      "root@root.kz"
    ],
    "content_type": [
      "education",
      "application"
    ],
    "object_id": "63",
    "object_repr": "Заявка от: ss",
    "action_flag": 3,
    "change_message": ""
  }
},
{
  "model": "admin.logentry",
  "pk": 170,
  "fields": {
    "action_time": "2022-12-21T15:14:38.411Z",
    "user": [
      "root@root.kz"
    ],
    "content_type": [
      "education",
      "application"
    ],
    "object_id": "62",
    "object_repr": "Заявка от: ss",
    "action_flag": 3,
    "change_message": ""
  }
},
{
  "model": "admin.logentry",
  "pk": 171,
  "fields": {
    "action_time": "2022-12-21T15:14:38.413Z",
    "user": [
      "root@root.kz"
    ],
    "content_type": [
      "education",
      "application"
    ],
    "object_id": "61",
    "object_repr": "Заявка от: sS",
    "action_flag": 3,
    "change_message": ""
  }
},
{
  "model": "admin.logentry",
  "pk": 172,
  "fields": {
    "action_time": "2022-12-21T15:14:38.414Z",
    "user": [
      "root@root.kz"
    ],
    "content_type": [
      "education",
      "application"
    ],
    "object_id": "60",
    "object_repr": "Заявка от: dd",
    "action_flag": 3,
    "change_message": ""
  }
},
{
  "model": "admin.logentry",
  "pk": 173,
  "fields": {
    "action_time": "2022-12-21T15:14:38.415Z",
    "user": [
      "root@root.kz"
    ],
    "content_type": [
      "education",
      "application"
    ],
    "object_id": "59",
    "object_repr": "Заявка от: ddd",
    "action_flag": 3,
    "change_message": ""
  }
},
{
  "model": "admin.logentry",
  "pk": 174,
  "fields": {
    "action_time": "2022-12-21T15:14:38.416Z",
    "user": [
      "root@root.kz"
    ],
    "content_type": [
      "education",
      "application"
    ],
    "object_id": "58",
    "object_repr": "Заявка от: ww",
    "action_flag": 3,
    "change_message": ""
  }
},
{
  "model": "admin.logentry",
  "pk": 175,
  "fields": {
    "action_time": "2022-12-21T15:14:38.417Z",
    "user": [
      "root@root.kz"
    ],
    "content_type": [
      "education",
      "application"
    ],
    "object_id": "4",
    "object_repr": "Заявка от: Рахат",
    "action_flag": 3,
    "change_message": ""
  }
},
{
  "model": "admin.logentry",
  "pk": 176,
  "fields": {
    "action_time": "2022-12-21T15:14:38.419Z",
    "user": [
      "root@root.kz"
    ],
    "content_type": [
      "education",
      "application"
    ],
    "object_id": "3",
    "object_repr": "Заявка от: Дмитрий",
    "action_flag": 3,
    "change_message": ""
  }
},
{
  "model": "admin.logentry",
  "pk": 177,
  "fields": {
    "action_time": "2022-12-21T15:14:38.420Z",
    "user": [
      "root@root.kz"
    ],
    "content_type": [
      "education",
      "application"
    ],
    "object_id": "2",
    "object_repr": "Заявка от: Степан",
    "action_flag": 3,
    "change_message": ""
  }
},
{
  "model": "admin.logentry",
  "pk": 178,
  "fields": {
    "action_time": "2022-12-21T15:14:38.421Z",
    "user": [
      "root@root.kz"
    ],
    "content_type": [
      "education",
      "application"
    ],
    "object_id": "1",
    "object_repr": "Заявка от: Иван",
    "action_flag": 3,
    "change_message": ""
  }
},
{
  "model": "admin.logentry",
  "pk": 179,
  "fields": {
    "action_time": "2022-12-21T15:15:02.204Z",
    "user": [
      "root@root.kz"
    ],
    "content_type": [
      "education",
      "application"
    ],
    "object_id": "75",
    "object_repr": "Заявка от: Надежда",
    "action_flag": 1,
    "change_message": "[{\"added\": {}}]"
  }
},
{
  "model": "admin.logentry",
  "pk": 180,
  "fields": {
    "action_time": "2022-12-21T15:18:02.397Z",
    "user": [
      "root@root.kz"
    ],
    "content_type": [
      "education",
      "applicationstatus"
    ],
    "object_id": "90",
    "object_repr": "Заявка от: Надежда - Создана",
    "action_flag": 2,
    "change_message": "[{\"changed\": {\"fields\": [\"Status\"]}}]"
  }
},
{
  "model": "admin.logentry",
  "pk": 181,
  "fields": {
    "action_time": "2022-12-21T15:20:28.969Z",
    "user": [
      "root@root.kz"
    ],
    "content_type": [
      "education",
      "applicationstatus"
    ],
    "object_id": "99",
    "object_repr": "Заявка от: s - В работе",
    "action_flag": 1,
    "change_message": "[{\"added\": {}}]"
  }
},
{
  "model": "admin.logentry",
  "pk": 182,
  "fields": {
    "action_time": "2022-12-21T15:20:43.935Z",
    "user": [
      "root@root.kz"
    ],
    "content_type": [
      "education",
      "applicationstatus"
    ],
    "object_id": "99",
    "object_repr": "Заявка от: s - В работе",
    "action_flag": 2,
    "change_message": "[]"
  }
},
{
  "model": "admin.logentry",
  "pk": 183,
  "fields": {
    "action_time": "2022-12-21T15:20:51.306Z",
    "user": [
      "root@root.kz"
    ],
    "content_type": [
      "education",
      "applicationstatus"
    ],
    "object_id": "100",
    "object_repr": "Заявка от: s - Ожидание оплаты",
    "action_flag": 1,
    "change_message": "[{\"added\": {}}]"
  }
},
{
  "model": "admin.logentry",
  "pk": 184,
  "fields": {
    "action_time": "2022-12-21T15:21:04.111Z",
    "user": [
      "root@root.kz"
    ],
    "content_type": [
      "education",
      "applicationstatus"
    ],
    "object_id": "100",
    "object_repr": "Заявка от: s - Ожидание оплаты",
    "action_flag": 2,
    "change_message": "[]"
  }
},
{
  "model": "admin.logentry",
  "pk": 185,
  "fields": {
    "action_time": "2022-12-21T15:21:35.915Z",
    "user": [
      "root@root.kz"
    ],
    "content_type": [
      "education",
      "applicationstatus"
    ],
    "object_id": "101",
    "object_repr": "Заявка от: s - Подписание договора",
    "action_flag": 1,
    "change_message": "[{\"added\": {}}]"
  }
},
{
  "model": "admin.logentry",
  "pk": 186,
  "fields": {
    "action_time": "2022-12-21T15:22:25.755Z",
    "user": [
      "root@root.kz"
    ],
    "content_type": [
      "education",
      "applicationstatus"
    ],
    "object_id": "101",
    "object_repr": "Заявка от: s - Подписание договора",
    "action_flag": 3,
    "change_message": ""
  }
},
{
  "model": "admin.logentry",
  "pk": 187,
  "fields": {
    "action_time": "2022-12-21T15:22:25.758Z",
    "user": [
      "root@root.kz"
    ],
    "content_type": [
      "education",
      "applicationstatus"
    ],
    "object_id": "100",
    "object_repr": "Заявка от: s - Ожидание оплаты",
    "action_flag": 3,
    "change_message": ""
  }
},
{
  "model": "admin.logentry",
  "pk": 188,
  "fields": {
    "action_time": "2022-12-21T15:22:25.759Z",
    "user": [
      "root@root.kz"
    ],
    "content_type": [
      "education",
      "applicationstatus"
    ],
    "object_id": "99",
    "object_repr": "Заявка от: s - В работе",
    "action_flag": 3,
    "change_message": ""
  }
},
{
  "model": "admin.logentry",
  "pk": 189,
  "fields": {
    "action_time": "2022-12-21T15:22:25.761Z",
    "user": [
      "root@root.kz"
    ],
    "content_type": [
      "education",
      "applicationstatus"
    ],
    "object_id": "97",
    "object_repr": "Заявка от: Надежда - В работе",
    "action_flag": 3,
    "change_message": ""
  }
},
{
  "model": "admin.logentry",
  "pk": 190,
  "fields": {
    "action_time": "2022-12-21T15:22:25.762Z",
    "user": [
      "root@root.kz"
    ],
    "content_type": [
      "education",
      "applicationstatus"
    ],
    "object_id": "96",
    "object_repr": "Заявка от: Надежда - В работе",
    "action_flag": 3,
    "change_message": ""
  }
},
{
  "model": "admin.logentry",
  "pk": 191,
  "fields": {
    "action_time": "2022-12-21T15:22:25.763Z",
    "user": [
      "root@root.kz"
    ],
    "content_type": [
      "education",
      "applicationstatus"
    ],
    "object_id": "95",
    "object_repr": "Заявка от: Надежда - В работе",
    "action_flag": 3,
    "change_message": ""
  }
},
{
  "model": "admin.logentry",
  "pk": 192,
  "fields": {
    "action_time": "2022-12-21T15:22:25.765Z",
    "user": [
      "root@root.kz"
    ],
    "content_type": [
      "education",
      "applicationstatus"
    ],
    "object_id": "91",
    "object_repr": "Заявка от: s - Создана",
    "action_flag": 3,
    "change_message": ""
  }
},
{
  "model": "admin.logentry",
  "pk": 193,
  "fields": {
    "action_time": "2022-12-21T15:22:25.766Z",
    "user": [
      "root@root.kz"
    ],
    "content_type": [
      "education",
      "applicationstatus"
    ],
    "object_id": "90",
    "object_repr": "Заявка от: Надежда - Создана",
    "action_flag": 3,
    "change_message": ""
  }
},
{
  "model": "admin.logentry",
  "pk": 194,
  "fields": {
    "action_time": "2022-12-21T15:52:31.195Z",
    "user": [
      "root@root.kz"
    ],
    "content_type": [
      "education",
      "applicationstatus"
    ],
    "object_id": "113",
    "object_repr": "Заявка от: s - В работе",
    "action_flag": 3,
    "change_message": ""
  }
},
{
  "model": "admin.logentry",
  "pk": 195,
  "fields": {
    "action_time": "2022-12-21T15:52:31.198Z",
    "user": [
      "root@root.kz"
    ],
    "content_type": [
      "education",
      "applicationstatus"
    ],
    "object_id": "112",
    "object_repr": "Заявка от: s - В работе",
    "action_flag": 3,
    "change_message": ""
  }
},
{
  "model": "admin.logentry",
  "pk": 196,
  "fields": {
    "action_time": "2022-12-21T15:52:31.200Z",
    "user": [
      "root@root.kz"
    ],
    "content_type": [
      "education",
      "applicationstatus"
    ],
    "object_id": "111",
    "object_repr": "Заявка от: ййййй - В работе",
    "action_flag": 3,
    "change_message": ""
  }
},
{
  "model": "admin.logentry",
  "pk": 197,
  "fields": {
    "action_time": "2022-12-21T15:52:31.201Z",
    "user": [
      "root@root.kz"
    ],
    "content_type": [
      "education",
      "applicationstatus"
    ],
    "object_id": "106",
    "object_repr": "Заявка от: ssss - Создана",
    "action_flag": 3,
    "change_message": ""
  }
},
{
  "model": "admin.logentry",
  "pk": 198,
  "fields": {
    "action_time": "2022-12-21T15:52:31.202Z",
    "user": [
      "root@root.kz"
    ],
    "content_type": [
      "education",
      "applicationstatus"
    ],
    "object_id": "104",
    "object_repr": "Заявка от: Надежда - В работе",
    "action_flag": 3,
    "change_message": ""
  }
},
{
  "model": "admin.logentry",
  "pk": 199,
  "fields": {
    "action_time": "2022-12-21T15:52:31.204Z",
    "user": [
      "root@root.kz"
    ],
    "content_type": [
      "education",
      "applicationstatus"
    ],
    "object_id": "103",
    "object_repr": "Заявка от: s - Создана",
    "action_flag": 3,
    "change_message": ""
  }
},
{
  "model": "admin.logentry",
  "pk": 200,
  "fields": {
    "action_time": "2022-12-21T18:03:35.804Z",
    "user": [
      "root@root.kz"
    ],
    "content_type": [
      "education",
      "application"
    ],
    "object_id": "80",
    "object_repr": "Заявка от: eeeыы",
    "action_flag": 3,
    "change_message": ""
  }
},
{
  "model": "admin.logentry",
  "pk": 201,
  "fields": {
    "action_time": "2022-12-21T18:03:35.808Z",
    "user": [
      "root@root.kz"
    ],
    "content_type": [
      "education",
      "application"
    ],
    "object_id": "79",
    "object_repr": "Заявка от: ssss",
    "action_flag": 3,
    "change_message": ""
  }
},
{
  "model": "admin.logentry",
  "pk": 202,
  "fields": {
    "action_time": "2022-12-21T18:03:35.809Z",
    "user": [
      "root@root.kz"
    ],
    "content_type": [
      "education",
      "application"
    ],
    "object_id": "78",
    "object_repr": "Заявка от: ййййй",
    "action_flag": 3,
    "change_message": ""
  }
},
{
  "model": "admin.logentry",
  "pk": 203,
  "fields": {
    "action_time": "2022-12-21T18:03:35.811Z",
    "user": [
      "root@root.kz"
    ],
    "content_type": [
      "education",
      "application"
    ],
    "object_id": "77",
    "object_repr": "Заявка от: s",
    "action_flag": 3,
    "change_message": ""
  }
},
{
  "model": "admin.logentry",
  "pk": 204,
  "fields": {
    "action_time": "2022-12-21T18:03:35.811Z",
    "user": [
      "root@root.kz"
    ],
    "content_type": [
      "education",
      "application"
    ],
    "object_id": "76",
    "object_repr": "Заявка от: s",
    "action_flag": 3,
    "change_message": ""
  }
},
{
  "model": "admin.logentry",
  "pk": 205,
  "fields": {
    "action_time": "2022-12-21T18:03:35.813Z",
    "user": [
      "root@root.kz"
    ],
    "content_type": [
      "education",
      "application"
    ],
    "object_id": "75",
    "object_repr": "Заявка от: Надежда",
    "action_flag": 3,
    "change_message": ""
  }
},
{
  "model": "admin.logentry",
  "pk": 206,
  "fields": {
    "action_time": "2022-12-21T18:13:57.525Z",
    "user": [
      "root@root.kz"
    ],
    "content_type": [
      "education",
      "applicationstatus"
    ],
    "object_id": "162",
    "object_repr": "Заявка от: www - Ожидание оплаты",
    "action_flag": 3,
    "change_message": ""
  }
},
{
  "model": "admin.logentry",
  "pk": 207,
  "fields": {
    "action_time": "2022-12-21T18:13:57.527Z",
    "user": [
      "root@root.kz"
    ],
    "content_type": [
      "education",
      "applicationstatus"
    ],
    "object_id": "161",
    "object_repr": "Заявка от: www - В работе",
    "action_flag": 3,
    "change_message": ""
  }
},
{
  "model": "admin.logentry",
  "pk": 208,
  "fields": {
    "action_time": "2022-12-21T18:13:57.529Z",
    "user": [
      "root@root.kz"
    ],
    "content_type": [
      "education",
      "applicationstatus"
    ],
    "object_id": "160",
    "object_repr": "Заявка от: www - Ожидание оплаты",
    "action_flag": 3,
    "change_message": ""
  }
},
{
  "model": "admin.logentry",
  "pk": 209,
  "fields": {
    "action_time": "2022-12-21T18:13:57.530Z",
    "user": [
      "root@root.kz"
    ],
    "content_type": [
      "education",
      "applicationstatus"
    ],
    "object_id": "159",
    "object_repr": "Заявка от: www - В работе",
    "action_flag": 3,
    "change_message": ""
  }
},
{
  "model": "admin.logentry",
  "pk": 210,
  "fields": {
    "action_time": "2022-12-21T18:13:57.532Z",
    "user": [
      "root@root.kz"
    ],
    "content_type": [
      "education",
      "applicationstatus"
    ],
    "object_id": "158",
    "object_repr": "Заявка от: www - Ожидание оплаты",
    "action_flag": 3,
    "change_message": ""
  }
},
{
  "model": "admin.logentry",
  "pk": 211,
  "fields": {
    "action_time": "2022-12-21T18:13:57.533Z",
    "user": [
      "root@root.kz"
    ],
    "content_type": [
      "education",
      "applicationstatus"
    ],
    "object_id": "157",
    "object_repr": "Заявка от: www - В работе",
    "action_flag": 3,
    "change_message": ""
  }
},
{
  "model": "admin.logentry",
  "pk": 212,
  "fields": {
    "action_time": "2022-12-21T18:13:57.535Z",
    "user": [
      "root@root.kz"
    ],
    "content_type": [
      "education",
      "applicationstatus"
    ],
    "object_id": "156",
    "object_repr": "Заявка от: www - Ожидание оплаты",
    "action_flag": 3,
    "change_message": ""
  }
},
{
  "model": "admin.logentry",
  "pk": 213,
  "fields": {
    "action_time": "2022-12-21T18:13:57.536Z",
    "user": [
      "root@root.kz"
    ],
    "content_type": [
      "education",
      "applicationstatus"
    ],
    "object_id": "155",
    "object_repr": "Заявка от: www - В работе",
    "action_flag": 3,
    "change_message": ""
  }
},
{
  "model": "admin.logentry",
  "pk": 214,
  "fields": {
    "action_time": "2022-12-21T18:13:57.537Z",
    "user": [
      "root@root.kz"
    ],
    "content_type": [
      "education",
      "applicationstatus"
    ],
    "object_id": "154",
    "object_repr": "Заявка от: www - Ожидание оплаты",
    "action_flag": 3,
    "change_message": ""
  }
},
{
  "model": "admin.logentry",
  "pk": 215,
  "fields": {
    "action_time": "2022-12-21T18:13:57.538Z",
    "user": [
      "root@root.kz"
    ],
    "content_type": [
      "education",
      "applicationstatus"
    ],
    "object_id": "153",
    "object_repr": "Заявка от: www - В работе",
    "action_flag": 3,
    "change_message": ""
  }
},
{
  "model": "admin.logentry",
  "pk": 216,
  "fields": {
    "action_time": "2022-12-21T18:13:57.539Z",
    "user": [
      "root@root.kz"
    ],
    "content_type": [
      "education",
      "applicationstatus"
    ],
    "object_id": "152",
    "object_repr": "Заявка от: www - Ожидание оплаты",
    "action_flag": 3,
    "change_message": ""
  }
},
{
  "model": "admin.logentry",
  "pk": 217,
  "fields": {
    "action_time": "2022-12-21T18:13:57.540Z",
    "user": [
      "root@root.kz"
    ],
    "content_type": [
      "education",
      "applicationstatus"
    ],
    "object_id": "151",
    "object_repr": "Заявка от: www - Подписание договора",
    "action_flag": 3,
    "change_message": ""
  }
},
{
  "model": "admin.logentry",
  "pk": 218,
  "fields": {
    "action_time": "2022-12-21T18:13:57.542Z",
    "user": [
      "root@root.kz"
    ],
    "content_type": [
      "education",
      "applicationstatus"
    ],
    "object_id": "150",
    "object_repr": "Заявка от: www - Ожидание оплаты",
    "action_flag": 3,
    "change_message": ""
  }
},
{
  "model": "admin.logentry",
  "pk": 219,
  "fields": {
    "action_time": "2022-12-21T18:13:57.543Z",
    "user": [
      "root@root.kz"
    ],
    "content_type": [
      "education",
      "applicationstatus"
    ],
    "object_id": "149",
    "object_repr": "Заявка от: www - Ожидание оплаты",
    "action_flag": 3,
    "change_message": ""
  }
},
{
  "model": "admin.logentry",
  "pk": 220,
  "fields": {
    "action_time": "2022-12-21T18:13:57.544Z",
    "user": [
      "root@root.kz"
    ],
    "content_type": [
      "education",
      "applicationstatus"
    ],
    "object_id": "148",
    "object_repr": "Заявка от: www - Ожидание оплаты",
    "action_flag": 3,
    "change_message": ""
  }
},
{
  "model": "admin.logentry",
  "pk": 221,
  "fields": {
    "action_time": "2022-12-21T18:13:57.545Z",
    "user": [
      "root@root.kz"
    ],
    "content_type": [
      "education",
      "applicationstatus"
    ],
    "object_id": "147",
    "object_repr": "Заявка от: www - Ожидание оплаты",
    "action_flag": 3,
    "change_message": ""
  }
},
{
  "model": "admin.logentry",
  "pk": 222,
  "fields": {
    "action_time": "2022-12-21T18:13:57.546Z",
    "user": [
      "root@root.kz"
    ],
    "content_type": [
      "education",
      "applicationstatus"
    ],
    "object_id": "146",
    "object_repr": "Заявка от: www - Ожидание оплаты",
    "action_flag": 3,
    "change_message": ""
  }
},
{
  "model": "admin.logentry",
  "pk": 223,
  "fields": {
    "action_time": "2022-12-21T18:13:57.548Z",
    "user": [
      "root@root.kz"
    ],
    "content_type": [
      "education",
      "applicationstatus"
    ],
    "object_id": "145",
    "object_repr": "Заявка от: www - Ожидание оплаты",
    "action_flag": 3,
    "change_message": ""
  }
},
{
  "model": "admin.logentry",
  "pk": 224,
  "fields": {
    "action_time": "2022-12-21T18:13:57.549Z",
    "user": [
      "root@root.kz"
    ],
    "content_type": [
      "education",
      "applicationstatus"
    ],
    "object_id": "144",
    "object_repr": "Заявка от: www - В работе",
    "action_flag": 3,
    "change_message": ""
  }
},
{
  "model": "admin.logentry",
  "pk": 225,
  "fields": {
    "action_time": "2022-12-21T18:13:57.551Z",
    "user": [
      "root@root.kz"
    ],
    "content_type": [
      "education",
      "applicationstatus"
    ],
    "object_id": "143",
    "object_repr": "Заявка от: www - Создана",
    "action_flag": 3,
    "change_message": ""
  }
},
{
  "model": "admin.logentry",
  "pk": 226,
  "fields": {
    "action_time": "2022-12-21T18:14:06.576Z",
    "user": [
      "root@root.kz"
    ],
    "content_type": [
      "education",
      "applicationstatus"
    ],
    "object_id": "164",
    "object_repr": "Заявка от: www - Ожидание оплаты",
    "action_flag": 3,
    "change_message": ""
  }
},
{
  "model": "admin.logentry",
  "pk": 227,
  "fields": {
    "action_time": "2022-12-21T18:14:06.586Z",
    "user": [
      "root@root.kz"
    ],
    "content_type": [
      "education",
      "applicationstatus"
    ],
    "object_id": "163",
    "object_repr": "Заявка от: www - В работе",
    "action_flag": 3,
    "change_message": ""
  }
},
{
  "model": "admin.logentry",
  "pk": 228,
  "fields": {
    "action_time": "2022-12-21T18:16:40.558Z",
    "user": [
      "root@root.kz"
    ],
    "content_type": [
      "education",
      "applicationstatus"
    ],
    "object_id": "167",
    "object_repr": "Заявка от: www - Ожидание оплаты",
    "action_flag": 3,
    "change_message": ""
  }
},
{
  "model": "admin.logentry",
  "pk": 229,
  "fields": {
    "action_time": "2022-12-21T18:16:40.561Z",
    "user": [
      "root@root.kz"
    ],
    "content_type": [
      "education",
      "applicationstatus"
    ],
    "object_id": "166",
    "object_repr": "Заявка от: www - Ожидание оплаты",
    "action_flag": 3,
    "change_message": ""
  }
},
{
  "model": "admin.logentry",
  "pk": 230,
  "fields": {
    "action_time": "2022-12-21T18:16:40.562Z",
    "user": [
      "root@root.kz"
    ],
    "content_type": [
      "education",
      "applicationstatus"
    ],
    "object_id": "165",
    "object_repr": "Заявка от: www - В работе",
    "action_flag": 3,
    "change_message": ""
  }
},
{
  "model": "admin.logentry",
  "pk": 231,
  "fields": {
    "action_time": "2022-12-21T18:33:03.000Z",
    "user": [
      "root@root.kz"
    ],
    "content_type": [
      "education",
      "applicationstatus"
    ],
    "object_id": "169",
    "object_repr": "Заявка от: www - Подписание договора",
    "action_flag": 3,
    "change_message": ""
  }
},
{
  "model": "admin.logentry",
  "pk": 232,
  "fields": {
    "action_time": "2022-12-22T15:59:09.118Z",
    "user": [
      "root@root.kz"
    ],
    "content_type": [
      "education",
      "status"
    ],
    "object_id": "7",
    "object_repr": "Оплачена",
    "action_flag": 1,
    "change_message": "[{\"added\": {}}]"
  }
},
{
  "model": "admin.logentry",
  "pk": 233,
  "fields": {
    "action_time": "2022-12-23T18:02:06.962Z",
    "user": [
      "root@root.kz"
    ],
    "content_type": [
      "education",
      "application"
    ],
    "object_id": "86",
    "object_repr": "Заявка от: Надежда",
    "action_flag": 3,
    "change_message": ""
  }
},
{
  "model": "admin.logentry",
  "pk": 234,
  "fields": {
    "action_time": "2022-12-23T18:02:06.990Z",
    "user": [
      "root@root.kz"
    ],
    "content_type": [
      "education",
      "application"
    ],
    "object_id": "85",
    "object_repr": "Заявка от: SDFGGGF",
    "action_flag": 3,
    "change_message": ""
  }
},
{
  "model": "admin.logentry",
  "pk": 235,
  "fields": {
    "action_time": "2022-12-23T18:02:06.992Z",
    "user": [
      "root@root.kz"
    ],
    "content_type": [
      "education",
      "application"
    ],
    "object_id": "84",
    "object_repr": "Заявка от: Надеждаaaaaaaa",
    "action_flag": 3,
    "change_message": ""
  }
},
{
  "model": "admin.logentry",
  "pk": 236,
  "fields": {
    "action_time": "2022-12-23T18:02:06.993Z",
    "user": [
      "root@root.kz"
    ],
    "content_type": [
      "education",
      "application"
    ],
    "object_id": "83",
    "object_repr": "Заявка от: Надежда",
    "action_flag": 3,
    "change_message": ""
  }
},
{
  "model": "admin.logentry",
  "pk": 237,
  "fields": {
    "action_time": "2022-12-23T18:02:06.994Z",
    "user": [
      "root@root.kz"
    ],
    "content_type": [
      "education",
      "application"
    ],
    "object_id": "82",
    "object_repr": "Заявка от: Надежда",
    "action_flag": 3,
    "change_message": ""
  }
},
{
  "model": "admin.logentry",
  "pk": 238,
  "fields": {
    "action_time": "2022-12-23T18:02:06.996Z",
    "user": [
      "root@root.kz"
    ],
    "content_type": [
      "education",
      "application"
    ],
    "object_id": "81",
    "object_repr": "Заявка от: www",
    "action_flag": 3,
    "change_message": ""
  }
},
{
  "model": "admin.logentry",
  "pk": 239,
  "fields": {
    "action_time": "2022-12-23T18:02:24.576Z",
    "user": [
      "root@root.kz"
    ],
    "content_type": [
      "education",
      "application"
    ],
    "object_id": "87",
    "object_repr": "Заявка от: qa",
    "action_flag": 1,
    "change_message": "[{\"added\": {}}]"
  }
},
{
  "model": "admin.logentry",
  "pk": 240,
  "fields": {
    "action_time": "2022-12-23T18:02:32.614Z",
    "user": [
      "root@root.kz"
    ],
    "content_type": [
      "education",
      "application"
    ],
    "object_id": "88",
    "object_repr": "Заявка от: ed",
    "action_flag": 1,
    "change_message": "[{\"added\": {}}]"
  }
},
{
  "model": "admin.logentry",
  "pk": 241,
  "fields": {
    "action_time": "2022-12-23T18:02:45.689Z",
    "user": [
      "root@root.kz"
    ],
    "content_type": [
      "education",
      "applicationstatus"
    ],
    "object_id": "250",
    "object_repr": "Заявка от: ed - Создана",
    "action_flag": 1,
    "change_message": "[{\"added\": {}}]"
  }
},
{
  "model": "admin.logentry",
  "pk": 242,
  "fields": {
    "action_time": "2022-12-23T18:02:47.193Z",
    "user": [
      "root@root.kz"
    ],
    "content_type": [
      "education",
      "applicationstatus"
    ],
    "object_id": "250",
    "object_repr": "Заявка от: ed - Создана",
    "action_flag": 2,
    "change_message": "[]"
  }
},
{
  "model": "admin.logentry",
  "pk": 243,
  "fields": {
    "action_time": "2022-12-23T18:02:52.767Z",
    "user": [
      "root@root.kz"
    ],
    "content_type": [
      "education",
      "applicationstatus"
    ],
    "object_id": "251",
    "object_repr": "Заявка от: ed - Завершена",
    "action_flag": 1,
    "change_message": "[{\"added\": {}}]"
  }
},
{
  "model": "admin.logentry",
  "pk": 244,
  "fields": {
    "action_time": "2022-12-23T18:02:57.875Z",
    "user": [
      "root@root.kz"
    ],
    "content_type": [
      "education",
      "applicationstatus"
    ],
    "object_id": "252",
    "object_repr": "Заявка от: qa - Создана",
    "action_flag": 1,
    "change_message": "[{\"added\": {}}]"
  }
},
{
  "model": "admin.logentry",
  "pk": 245,
  "fields": {
    "action_time": "2022-12-23T18:03:03.010Z",
    "user": [
      "root@root.kz"
    ],
    "content_type": [
      "education",
      "applicationstatus"
    ],
    "object_id": "253",
    "object_repr": "Заявка от: qa - Ожидание оплаты",
    "action_flag": 1,
    "change_message": "[{\"added\": {}}]"
  }
},
{
  "model": "admin.logentry",
  "pk": 246,
  "fields": {
    "action_time": "2022-12-23T18:10:40.338Z",
    "user": [
      "root@root.kz"
    ],
    "content_type": [
      "education",
      "applicationstatus"
    ],
    "object_id": "254",
    "object_repr": "Заявка от: ed - Оплачена",
    "action_flag": 1,
    "change_message": "[{\"added\": {}}]"
  }
},
{
  "model": "admin.logentry",
  "pk": 247,
  "fields": {
    "action_time": "2022-12-23T18:51:59.628Z",
    "user": [
      "root@root.kz"
    ],
    "content_type": [
      "education",
      "applicationstatus"
    ],
    "object_id": "255",
    "object_repr": "Заявка от: qa - Отклонена",
    "action_flag": 1,
    "change_message": "[{\"added\": {}}]"
  }
},
{
  "model": "admin.logentry",
  "pk": 248,
  "fields": {
    "action_time": "2022-12-23T18:52:14.917Z",
    "user": [
      "root@root.kz"
    ],
    "content_type": [
      "education",
      "applicationstatus"
    ],
    "object_id": "255",
    "object_repr": "Заявка от: qa - Отклонена",
    "action_flag": 2,
    "change_message": "[]"
  }
},
{
  "model": "admin.logentry",
  "pk": 249,
  "fields": {
    "action_time": "2022-12-23T18:52:20.855Z",
    "user": [
      "root@root.kz"
    ],
    "content_type": [
      "education",
      "applicationstatus"
    ],
    "object_id": "256",
    "object_repr": "Заявка от: ed - Подписание договора",
    "action_flag": 1,
    "change_message": "[{\"added\": {}}]"
  }
},
{
  "model": "admin.logentry",
  "pk": 250,
  "fields": {
    "action_time": "2022-12-24T02:22:58.974Z",
    "user": [
      "root@root.kz"
    ],
    "content_type": [
      "education",
      "applicationstatus"
    ],
    "object_id": "259",
    "object_repr": "Заявка от: ed - Создана",
    "action_flag": 1,
    "change_message": "[{\"added\": {}}]"
  }
},
{
  "model": "admin.logentry",
  "pk": 251,
  "fields": {
    "action_time": "2022-12-24T02:23:25.325Z",
    "user": [
      "root@root.kz"
    ],
    "content_type": [
      "education",
      "application"
    ],
    "object_id": "89",
    "object_repr": "Заявка от: s",
    "action_flag": 1,
    "change_message": "[{\"added\": {}}]"
  }
},
{
  "model": "admin.logentry",
  "pk": 252,
  "fields": {
    "action_time": "2022-12-24T02:23:44.673Z",
    "user": [
      "root@root.kz"
    ],
    "content_type": [
      "education",
      "application"
    ],
    "object_id": "90",
    "object_repr": "Заявка от: dd",
    "action_flag": 1,
    "change_message": "[{\"added\": {}}]"
  }
},
{
  "model": "admin.logentry",
  "pk": 253,
  "fields": {
    "action_time": "2022-12-24T02:23:58.280Z",
    "user": [
      "root@root.kz"
    ],
    "content_type": [
      "education",
      "applicationstatus"
    ],
    "object_id": "260",
    "object_repr": "Заявка от: dd - Создана",
    "action_flag": 1,
    "change_message": "[{\"added\": {}}]"
  }
},
{
  "model": "admin.logentry",
  "pk": 254,
  "fields": {
    "action_time": "2022-12-24T02:24:03.049Z",
    "user": [
      "root@root.kz"
    ],
    "content_type": [
      "education",
      "applicationstatus"
    ],
    "object_id": "261",
    "object_repr": "Заявка от: dd - Подписание договора",
    "action_flag": 1,
    "change_message": "[{\"added\": {}}]"
  }
},
{
  "model": "admin.logentry",
  "pk": 255,
  "fields": {
    "action_time": "2022-12-24T02:25:40.448Z",
    "user": [
      "root@root.kz"
    ],
    "content_type": [
      "education",
      "applicationstatus"
    ],
    "object_id": "262",
    "object_repr": "Заявка от: s - Ожидание оплаты",
    "action_flag": 1,
    "change_message": "[{\"added\": {}}]"
  }
},
{
  "model": "admin.logentry",
  "pk": 256,
  "fields": {
    "action_time": "2022-12-25T10:37:03.230Z",
    "user": [
      "root@root.kz"
    ],
    "content_type": [
      "education",
      "application"
    ],
    "object_id": "92",
    "object_repr": "Заявка от: ллллллл",
    "action_flag": 2,
    "change_message": "[{\"changed\": {\"fields\": [\"Phone\", \"\\u0414\\u0430\\u0442\\u0430 \\u0440\\u043e\\u0436\\u0434\\u0435\\u043d\\u0438\\u044f \\u0443\\u0447\\u0435\\u043d\\u0438\\u043a\\u0430\", \"\\u041f\\u043e\\u043b \\u0443\\u0447\\u0435\\u043d\\u0438\\u043a\\u0430\"]}}]"
  }
},
{
  "model": "admin.logentry",
  "pk": 257,
  "fields": {
    "action_time": "2022-12-25T15:44:26.794Z",
    "user": [
      "root@root.kz"
    ],
    "content_type": [
      "education",
      "grouping"
    ],
    "object_id": "13",
    "object_repr": "Надежда",
    "action_flag": 1,
    "change_message": "[{\"added\": {}}]"
  }
},
{
  "model": "admin.logentry",
  "pk": 258,
  "fields": {
    "action_time": "2022-12-25T15:45:07.738Z",
    "user": [
      "root@root.kz"
    ],
    "content_type": [
      "education",
      "grouping"
    ],
    "object_id": "14",
    "object_repr": "Надежда11",
    "action_flag": 1,
    "change_message": "[{\"added\": {}}]"
  }
},
{
  "model": "admin.logentry",
  "pk": 259,
  "fields": {
    "action_time": "2022-12-25T15:47:11.047Z",
    "user": [
      "root@root.kz"
    ],
    "content_type": [
      "education",
      "statusofgrouping"
    ],
    "object_id": "1",
    "object_repr": "набор",
    "action_flag": 1,
    "change_message": "[{\"added\": {}}]"
  }
},
{
  "model": "admin.logentry",
  "pk": 260,
  "fields": {
    "action_time": "2022-12-25T15:47:16.546Z",
    "user": [
      "root@root.kz"
    ],
    "content_type": [
      "education",
      "statusofgrouping"
    ],
    "object_id": "2",
    "object_repr": "учеба",
    "action_flag": 1,
    "change_message": "[{\"added\": {}}]"
  }
},
{
  "model": "admin.logentry",
  "pk": 261,
  "fields": {
    "action_time": "2022-12-25T15:47:22.335Z",
    "user": [
      "root@root.kz"
    ],
    "content_type": [
      "education",
      "statusofgrouping"
    ],
    "object_id": "3",
    "object_repr": "завершена",
    "action_flag": 1,
    "change_message": "[{\"added\": {}}]"
  }
},
{
  "model": "admin.logentry",
  "pk": 262,
  "fields": {
    "action_time": "2022-12-25T15:48:44.331Z",
    "user": [
      "root@root.kz"
    ],
    "content_type": [
      "education",
      "groupingstatus"
    ],
    "object_id": "1",
    "object_repr": "физика-1 - набор",
    "action_flag": 1,
    "change_message": "[{\"added\": {}}]"
  }
},
{
  "model": "admin.logentry",
  "pk": 263,
  "fields": {
    "action_time": "2022-12-25T15:48:50.896Z",
    "user": [
      "root@root.kz"
    ],
    "content_type": [
      "education",
      "groupingstatus"
    ],
    "object_id": "2",
    "object_repr": "физика-2 - учеба",
    "action_flag": 1,
    "change_message": "[{\"added\": {}}]"
  }
},
{
  "model": "admin.logentry",
  "pk": 264,
  "fields": {
    "action_time": "2022-12-25T15:48:57.879Z",
    "user": [
      "root@root.kz"
    ],
    "content_type": [
      "education",
      "groupingstatus"
    ],
    "object_id": "3",
    "object_repr": "математика-1 - завершена",
    "action_flag": 1,
    "change_message": "[{\"added\": {}}]"
  }
},
{
  "model": "admin.logentry",
  "pk": 265,
  "fields": {
    "action_time": "2022-12-25T15:49:04.137Z",
    "user": [
      "root@root.kz"
    ],
    "content_type": [
      "education",
      "groupingstatus"
    ],
    "object_id": "4",
    "object_repr": "математика-3 - набор",
    "action_flag": 1,
    "change_message": "[{\"added\": {}}]"
  }
},
{
  "model": "admin.logentry",
  "pk": 266,
  "fields": {
    "action_time": "2022-12-25T15:49:11.693Z",
    "user": [
      "root@root.kz"
    ],
    "content_type": [
      "education",
      "groupingstatus"
    ],
    "object_id": "5",
    "object_repr": "химия-1 - набор",
    "action_flag": 1,
    "change_message": "[{\"added\": {}}]"
  }
},
{
  "model": "admin.logentry",
  "pk": 267,
  "fields": {
    "action_time": "2022-12-25T17:17:01.205Z",
    "user": [
      "root@root.kz"
    ],
    "content_type": [
      "accounts",
      "account"
    ],
    "object_id": "1",
    "object_repr": "Суперюзер Фамилия",
    "action_flag": 2,
    "change_message": "[{\"changed\": {\"fields\": [\"First name\", \"Last name\"]}}]"
  }
},
{
  "model": "admin.logentry",
  "pk": 268,
  "fields": {
    "action_time": "2022-12-26T15:30:09.195Z",
    "user": [
      "root@root.kz"
    ],
    "content_type": [
      "education",
      "packet"
    ],
    "object_id": "4",
    "object_repr": "4 пән",
    "action_flag": 2,
    "change_message": "[{\"changed\": {\"fields\": [\"\\u041a\\u043e\\u043b\\u0438\\u0447\\u0435\\u0441\\u0442\\u0432\\u043e\"]}}]"
  }
},
{
  "model": "admin.logentry",
  "pk": 269,
  "fields": {
    "action_time": "2022-12-26T15:30:18.136Z",
    "user": [
      "root@root.kz"
    ],
    "content_type": [
      "education",
      "packet"
    ],
    "object_id": "4",
    "object_repr": "4 пән",
    "action_flag": 2,
    "change_message": "[{\"changed\": {\"fields\": [\"\\u0421\\u0443\\u043c\\u043c\\u0430\"]}}]"
  }
},
{
  "model": "admin.logentry",
  "pk": 270,
  "fields": {
    "action_time": "2022-12-26T15:30:27.039Z",
    "user": [
      "root@root.kz"
    ],
    "content_type": [
      "education",
      "packet"
    ],
    "object_id": "4",
    "object_repr": "4 пән",
    "action_flag": 2,
    "change_message": "[{\"changed\": {\"fields\": [\"\\u041a\\u043e\\u043b\\u0438\\u0447\\u0435\\u0441\\u0442\\u0432\\u043e\", \"\\u0421\\u0443\\u043c\\u043c\\u0430\"]}}]"
  }
},
{
  "model": "admin.logentry",
  "pk": 271,
  "fields": {
    "action_time": "2022-12-26T15:31:56.041Z",
    "user": [
      "root@root.kz"
    ],
    "content_type": [
      "education",
      "discount"
    ],
    "object_id": "4",
    "object_repr": "Олимпиада",
    "action_flag": 2,
    "change_message": "[{\"changed\": {\"fields\": [\"\\u0420\\u0430\\u0437\\u043c\\u0435\\u0440 %\"]}}]"
  }
},
{
  "model": "admin.logentry",
  "pk": 272,
  "fields": {
    "action_time": "2022-12-26T15:32:02.441Z",
    "user": [
      "root@root.kz"
    ],
    "content_type": [
      "education",
      "discount"
    ],
    "object_id": "4",
    "object_repr": "Олимпиада",
    "action_flag": 2,
    "change_message": "[{\"changed\": {\"fields\": [\"\\u0420\\u0430\\u0437\\u043c\\u0435\\u0440 %\"]}}]"
  }
},
{
  "model": "admin.logentry",
  "pk": 273,
  "fields": {
    "action_time": "2022-12-26T17:36:51.862Z",
    "user": [
      "root@root.kz"
    ],
    "content_type": [
      "education",
      "teachergrouping"
    ],
    "object_id": "1",
    "object_repr": "Группа: математика-10 - Преподаватель: lead lead",
    "action_flag": 2,
    "change_message": "[]"
  }
},
{
  "model": "admin.logentry",
  "pk": 274,
  "fields": {
    "action_time": "2022-12-26T17:37:18.079Z",
    "user": [
      "root@root.kz"
    ],
    "content_type": [
      "education",
      "teachergrouping"
    ],
    "object_id": "2",
    "object_repr": "Группа: физика-2 - Преподаватель: Тестовый студент Фамилия тестового студента",
    "action_flag": 1,
    "change_message": "[{\"added\": {}}]"
  }
},
{
  "model": "admin.logentry",
  "pk": 275,
  "fields": {
    "action_time": "2022-12-26T18:24:43.071Z",
    "user": [
      "root@root.kz"
    ],
    "content_type": [
      "accounts",
      "account"
    ],
    "object_id": "15",
    "object_repr": "qammmm qa",
    "action_flag": 3,
    "change_message": ""
  }
},
{
  "model": "admin.logentry",
  "pk": 276,
  "fields": {
    "action_time": "2022-12-26T18:24:43.076Z",
    "user": [
      "root@root.kz"
    ],
    "content_type": [
      "accounts",
      "account"
    ],
    "object_id": "14",
    "object_repr": "Надежда Фамилия",
    "action_flag": 3,
    "change_message": ""
  }
},
{
  "model": "admin.logentry",
  "pk": 277,
  "fields": {
    "action_time": "2022-12-26T18:24:43.077Z",
    "user": [
      "root@root.kz"
    ],
    "content_type": [
      "accounts",
      "account"
    ],
    "object_id": "13",
    "object_repr": "root manager",
    "action_flag": 3,
    "change_message": ""
  }
},
{
  "model": "admin.logentry",
  "pk": 278,
  "fields": {
    "action_time": "2022-12-26T18:24:43.078Z",
    "user": [
      "root@root.kz"
    ],
    "content_type": [
      "accounts",
      "account"
    ],
    "object_id": "12",
    "object_repr": "Тестовый студент Фамилия тестового студента",
    "action_flag": 3,
    "change_message": ""
  }
},
{
  "model": "admin.logentry",
  "pk": 279,
  "fields": {
    "action_time": "2022-12-26T18:24:43.079Z",
    "user": [
      "root@root.kz"
    ],
    "content_type": [
      "accounts",
      "account"
    ],
    "object_id": "11",
    "object_repr": "lead lead",
    "action_flag": 3,
    "change_message": ""
  }
},
{
  "model": "admin.logentry",
  "pk": 280,
  "fields": {
    "action_time": "2022-12-26T18:24:43.081Z",
    "user": [
      "root@root.kz"
    ],
    "content_type": [
      "accounts",
      "account"
    ],
    "object_id": "10",
    "object_repr": "manager 1",
    "action_flag": 3,
    "change_message": ""
  }
},
{
  "model": "admin.logentry",
  "pk": 281,
  "fields": {
    "action_time": "2022-12-26T18:24:43.082Z",
    "user": [
      "root@root.kz"
    ],
    "content_type": [
      "accounts",
      "account"
    ],
    "object_id": "9",
    "object_repr": "manager stq1",
    "action_flag": 3,
    "change_message": ""
  }
},
{
  "model": "admin.logentry",
  "pk": 282,
  "fields": {
    "action_time": "2022-12-26T18:24:43.083Z",
    "user": [
      "root@root.kz"
    ],
    "content_type": [
      "accounts",
      "account"
    ],
    "object_id": "8",
    "object_repr": "sss www",
    "action_flag": 3,
    "change_message": ""
  }
},
{
  "model": "admin.logentry",
  "pk": 283,
  "fields": {
    "action_time": "2022-12-26T18:24:43.085Z",
    "user": [
      "root@root.kz"
    ],
    "content_type": [
      "accounts",
      "account"
    ],
    "object_id": "7",
    "object_repr": "dev q",
    "action_flag": 3,
    "change_message": ""
  }
},
{
  "model": "admin.logentry",
  "pk": 284,
  "fields": {
    "action_time": "2022-12-26T18:24:43.086Z",
    "user": [
      "root@root.kz"
    ],
    "content_type": [
      "accounts",
      "account"
    ],
    "object_id": "6",
    "object_repr": "manager manager",
    "action_flag": 3,
    "change_message": ""
  }
},
{
  "model": "admin.logentry",
  "pk": 285,
  "fields": {
    "action_time": "2022-12-26T18:24:43.088Z",
    "user": [
      "root@root.kz"
    ],
    "content_type": [
      "accounts",
      "account"
    ],
    "object_id": "5",
    "object_repr": "student student",
    "action_flag": 3,
    "change_message": ""
  }
},
{
  "model": "admin.logentry",
  "pk": 286,
  "fields": {
    "action_time": "2022-12-26T18:24:43.089Z",
    "user": [
      "root@root.kz"
    ],
    "content_type": [
      "accounts",
      "account"
    ],
    "object_id": "4",
    "object_repr": "Михаил Михайлов",
    "action_flag": 3,
    "change_message": ""
  }
},
{
  "model": "admin.logentry",
  "pk": 287,
  "fields": {
    "action_time": "2022-12-26T18:24:43.090Z",
    "user": [
      "root@root.kz"
    ],
    "content_type": [
      "accounts",
      "account"
    ],
    "object_id": "3",
    "object_repr": "Игорь Игорев",
    "action_flag": 3,
    "change_message": ""
  }
},
{
  "model": "admin.logentry",
  "pk": 288,
  "fields": {
    "action_time": "2022-12-26T18:24:43.091Z",
    "user": [
      "root@root.kz"
    ],
    "content_type": [
      "accounts",
      "account"
    ],
    "object_id": "2",
    "object_repr": "Степан Степанов",
    "action_flag": 3,
    "change_message": ""
  }
},
{
  "model": "admin.logentry",
  "pk": 289,
  "fields": {
    "action_time": "2022-12-26T18:25:47.171Z",
    "user": [
      "root@root.kz"
    ],
    "content_type": [
      "accounts",
      "account"
    ],
    "object_id": "16",
    "object_repr": "qammmm qa",
    "action_flag": 3,
    "change_message": ""
  }
},
{
  "model": "admin.logentry",
  "pk": 290,
  "fields": {
    "action_time": "2022-12-26T18:27:19.521Z",
    "user": [
      "root@root.kz"
    ],
    "content_type": [
      "accounts",
      "account"
    ],
    "object_id": "17",
    "object_repr": "qammmm qa",
    "action_flag": 3,
    "change_message": ""
  }
},
{
  "model": "admin.logentry",
  "pk": 291,
  "fields": {
    "action_time": "2022-12-26T18:28:26.588Z",
    "user": [
      "root@root.kz"
    ],
    "content_type": [
      "education",
      "application"
    ],
    "object_id": "87",
    "object_repr": "Заявка от: qammmm",
    "action_flag": 2,
    "change_message": "[{\"changed\": {\"fields\": [\"Student\"]}}]"
  }
},
{
  "model": "admin.logentry",
  "pk": 292,
  "fields": {
    "action_time": "2022-12-26T18:30:08.737Z",
    "user": [
      "root@root.kz"
    ],
    "content_type": [
      "education",
      "application"
    ],
    "object_id": "87",
    "object_repr": "Заявка от: qammmm",
    "action_flag": 2,
    "change_message": "[{\"changed\": {\"fields\": [\"Student\"]}}]"
  }
},
{
  "model": "admin.logentry",
  "pk": 293,
  "fields": {
    "action_time": "2022-12-26T18:30:20.632Z",
    "user": [
      "root@root.kz"
    ],
    "content_type": [
      "accounts",
      "account"
    ],
    "object_id": "18",
    "object_repr": "qammmm qa",
    "action_flag": 3,
    "change_message": ""
  }
},
{
  "model": "admin.logentry",
  "pk": 294,
  "fields": {
    "action_time": "2022-12-26T18:35:52.926Z",
    "user": [
      "root@root.kz"
    ],
    "content_type": [
      "accounts",
      "account"
    ],
    "object_id": "19",
    "object_repr": "qammmm qa",
    "action_flag": 3,
    "change_message": ""
  }
},
{
  "model": "admin.logentry",
  "pk": 295,
  "fields": {
    "action_time": "2022-12-26T18:45:42.454Z",
    "user": [
      "root@root.kz"
    ],
    "content_type": [
      "accounts",
      "account"
    ],
    "object_id": "20",
    "object_repr": "qammmm qa",
    "action_flag": 3,
    "change_message": ""
  }
},
{
  "model": "admin.logentry",
  "pk": 296,
  "fields": {
    "action_time": "2022-12-29T18:01:29.417Z",
    "user": [
      "root@root.kz"
    ],
    "content_type": [
      "education",
      "classtime"
    ],
    "object_id": "2",
    "object_repr": "15:00:00",
    "action_flag": 1,
    "change_message": "[{\"added\": {}}]"
  }
},
{
  "model": "admin.logentry",
  "pk": 297,
  "fields": {
    "action_time": "2022-12-29T18:02:26.590Z",
    "user": [
      "root@root.kz"
    ],
    "content_type": [
      "education",
      "classtime"
    ],
    "object_id": "3",
    "object_repr": "16:30:00",
    "action_flag": 1,
    "change_message": "[{\"added\": {}}]"
  }
},
{
  "model": "admin.logentry",
  "pk": 298,
  "fields": {
    "action_time": "2022-12-29T18:03:36.626Z",
    "user": [
      "root@root.kz"
    ],
    "content_type": [
      "education",
      "classtime"
    ],
    "object_id": "4",
    "object_repr": "13:30:00",
    "action_flag": 1,
    "change_message": "[{\"added\": {}}]"
  }
},
{
  "model": "admin.logentry",
  "pk": 299,
  "fields": {
    "action_time": "2022-12-29T18:30:43.924Z",
    "user": [
      "root@root.kz"
    ],
    "content_type": [
      "education",
      "auditorium"
    ],
    "object_id": "1",
    "object_repr": "108",
    "action_flag": 1,
    "change_message": "[{\"added\": {}}]"
  }
},
{
  "model": "admin.logentry",
  "pk": 300,
  "fields": {
    "action_time": "2022-12-29T18:30:50.775Z",
    "user": [
      "root@root.kz"
    ],
    "content_type": [
      "education",
      "auditorium"
    ],
    "object_id": "2",
    "object_repr": "109",
    "action_flag": 1,
    "change_message": "[{\"added\": {}}]"
  }
},
{
  "model": "admin.logentry",
  "pk": 301,
  "fields": {
    "action_time": "2022-12-29T18:30:55.736Z",
    "user": [
      "root@root.kz"
    ],
    "content_type": [
      "education",
      "auditorium"
    ],
    "object_id": "3",
    "object_repr": "110",
    "action_flag": 1,
    "change_message": "[{\"added\": {}}]"
  }
},
{
  "model": "admin.logentry",
  "pk": 302,
  "fields": {
    "action_time": "2022-12-29T18:31:35.645Z",
    "user": [
      "root@root.kz"
    ],
    "content_type": [
      "education",
      "schedule"
    ],
    "object_id": "12",
    "object_repr": "информатика-3 - wednesday",
    "action_flag": 2,
    "change_message": "[{\"changed\": {\"fields\": [\"Class time\", \"Auditorium\"]}}]"
  }
},
{
  "model": "admin.logentry",
  "pk": 303,
  "fields": {
    "action_time": "2022-12-29T18:31:55.054Z",
    "user": [
      "root@root.kz"
    ],
    "content_type": [
      "education",
      "schedule"
    ],
    "object_id": "11",
    "object_repr": "информатика-1 - thursday",
    "action_flag": 2,
    "change_message": "[{\"changed\": {\"fields\": [\"Class time\", \"Auditorium\"]}}]"
  }
},
{
  "model": "admin.logentry",
  "pk": 304,
  "fields": {
    "action_time": "2023-01-01T12:52:43.925Z",
    "user": [
      "root@root.kz"
    ],
    "content_type": [
      "education",
      "schedule"
    ],
    "object_id": "10",
    "object_repr": "химия-1 - wednesday - 109",
    "action_flag": 2,
    "change_message": "[{\"changed\": {\"fields\": [\"Class time\", \"Auditorium\"]}}]"
  }
},
{
  "model": "admin.logentry",
  "pk": 305,
  "fields": {
    "action_time": "2023-01-01T12:52:53.319Z",
    "user": [
      "root@root.kz"
    ],
    "content_type": [
      "education",
      "schedule"
    ],
    "object_id": "9",
    "object_repr": "математика-3 - friday - 109",
    "action_flag": 2,
    "change_message": "[{\"changed\": {\"fields\": [\"Class time\", \"Auditorium\"]}}]"
  }
},
{
  "model": "admin.logentry",
  "pk": 306,
  "fields": {
    "action_time": "2023-01-01T12:53:02.761Z",
    "user": [
      "root@root.kz"
    ],
    "content_type": [
      "education",
      "schedule"
    ],
    "object_id": "8",
    "object_repr": "математика-3 - wednesday - 109",
    "action_flag": 2,
    "change_message": "[{\"changed\": {\"fields\": [\"Class time\", \"Auditorium\"]}}]"
  }
},
{
  "model": "admin.logentry",
  "pk": 307,
  "fields": {
    "action_time": "2023-01-01T12:53:11.097Z",
    "user": [
      "root@root.kz"
    ],
    "content_type": [
      "education",
      "schedule"
    ],
    "object_id": "7",
    "object_repr": "математика-1 - wednesday - 108",
    "action_flag": 2,
    "change_message": "[{\"changed\": {\"fields\": [\"Class time\", \"Auditorium\"]}}]"
  }
},
{
  "model": "admin.logentry",
  "pk": 308,
  "fields": {
    "action_time": "2023-01-01T12:53:19.703Z",
    "user": [
      "root@root.kz"
    ],
    "content_type": [
      "education",
      "schedule"
    ],
    "object_id": "6",
    "object_repr": "математика-1 - monday - 109",
    "action_flag": 2,
    "change_message": "[{\"changed\": {\"fields\": [\"Class time\", \"Auditorium\"]}}]"
  }
},
{
  "model": "admin.logentry",
  "pk": 309,
  "fields": {
    "action_time": "2023-01-01T12:53:27.816Z",
    "user": [
      "root@root.kz"
    ],
    "content_type": [
      "education",
      "schedule"
    ],
    "object_id": "5",
    "object_repr": "физика-2 - friday - 110",
    "action_flag": 2,
    "change_message": "[{\"changed\": {\"fields\": [\"Class time\", \"Auditorium\"]}}]"
  }
},
{
  "model": "admin.logentry",
  "pk": 310,
  "fields": {
    "action_time": "2023-01-01T12:53:36.748Z",
    "user": [
      "root@root.kz"
    ],
    "content_type": [
      "education",
      "schedule"
    ],
    "object_id": "4",
    "object_repr": "физика-2 - wednesday - 110",
    "action_flag": 2,
    "change_message": "[{\"changed\": {\"fields\": [\"Class time\", \"Auditorium\"]}}]"
  }
},
{
  "model": "admin.logentry",
  "pk": 311,
  "fields": {
    "action_time": "2023-01-01T12:53:46.347Z",
    "user": [
      "root@root.kz"
    ],
    "content_type": [
      "education",
      "schedule"
    ],
    "object_id": "3",
    "object_repr": "физика-1 - wednesday - 108",
    "action_flag": 2,
    "change_message": "[{\"changed\": {\"fields\": [\"Class time\", \"Auditorium\"]}}]"
  }
},
{
  "model": "admin.logentry",
  "pk": 312,
  "fields": {
    "action_time": "2023-01-01T12:53:54.144Z",
    "user": [
      "root@root.kz"
    ],
    "content_type": [
      "education",
      "schedule"
    ],
    "object_id": "2",
    "object_repr": "физика-1 - tuesday - 108",
    "action_flag": 2,
    "change_message": "[{\"changed\": {\"fields\": [\"Class time\", \"Auditorium\"]}}]"
  }
},
{
  "model": "admin.logentry",
  "pk": 313,
  "fields": {
    "action_time": "2023-01-01T12:54:02.276Z",
    "user": [
      "root@root.kz"
    ],
    "content_type": [
      "education",
      "schedule"
    ],
    "object_id": "1",
    "object_repr": "физика-1 - monday - 109",
    "action_flag": 2,
    "change_message": "[{\"changed\": {\"fields\": [\"Class time\", \"Auditorium\"]}}]"
  }
},
{
  "model": "admin.logentry",
  "pk": 314,
  "fields": {
    "action_time": "2023-01-01T16:42:59.625Z",
    "user": [
      "root@root.kz"
    ],
    "content_type": [
      "education",
      "classtime"
    ],
    "object_id": "4",
    "object_repr": "13:30:00",
    "action_flag": 2,
    "change_message": "[{\"changed\": {\"fields\": [\"\\u041d\\u043e\\u043c\\u0435\\u0440 \\u0443\\u0440\\u043e\\u043a\\u0430\"]}}]"
  }
},
{
  "model": "admin.logentry",
  "pk": 315,
  "fields": {
    "action_time": "2023-01-01T16:43:08.941Z",
    "user": [
      "root@root.kz"
    ],
    "content_type": [
      "education",
      "classtime"
    ],
    "object_id": "2",
    "object_repr": "15:00:00",
    "action_flag": 2,
    "change_message": "[{\"changed\": {\"fields\": [\"\\u041d\\u043e\\u043c\\u0435\\u0440 \\u0443\\u0440\\u043e\\u043a\\u0430\"]}}]"
  }
},
{
  "model": "admin.logentry",
  "pk": 316,
  "fields": {
    "action_time": "2023-01-01T16:43:16.083Z",
    "user": [
      "root@root.kz"
    ],
    "content_type": [
      "education",
      "classtime"
    ],
    "object_id": "3",
    "object_repr": "16:30:00",
    "action_flag": 2,
    "change_message": "[{\"changed\": {\"fields\": [\"\\u041d\\u043e\\u043c\\u0435\\u0440 \\u0443\\u0440\\u043e\\u043a\\u0430\"]}}]"
  }
},
{
  "model": "admin.logentry",
  "pk": 317,
  "fields": {
    "action_time": "2023-01-02T09:22:21.524Z",
    "user": [
      "root@root.kz"
    ],
    "content_type": [
      "education",
      "schedule"
    ],
    "object_id": "58",
    "object_repr": "математика-2 - tuesday - 108",
    "action_flag": 2,
    "change_message": "[{\"changed\": {\"fields\": [\"Is deleted\"]}}]"
  }
},
{
  "model": "admin.logentry",
  "pk": 318,
  "fields": {
    "action_time": "2023-01-02T09:24:18.646Z",
    "user": [
      "root@root.kz"
    ],
    "content_type": [
      "education",
      "schedule"
    ],
    "object_id": "59",
    "object_repr": "Колбаса - wednesday - 109",
    "action_flag": 2,
    "change_message": "[{\"changed\": {\"fields\": [\"Is deleted\"]}}]"
  }
},
{
  "model": "admin.logentry",
  "pk": 319,
  "fields": {
    "action_time": "2023-01-02T09:30:37.366Z",
    "user": [
      "root@root.kz"
    ],
    "content_type": [
      "education",
      "schedule"
    ],
    "object_id": "59",
    "object_repr": "Колбаса - wednesday - 109",
    "action_flag": 3,
    "change_message": ""
  }
},
{
  "model": "admin.logentry",
  "pk": 320,
  "fields": {
    "action_time": "2023-01-02T09:30:37.369Z",
    "user": [
      "root@root.kz"
    ],
    "content_type": [
      "education",
      "schedule"
    ],
    "object_id": "58",
    "object_repr": "математика-2 - tuesday - 108",
    "action_flag": 3,
    "change_message": ""
  }
},
{
  "model": "admin.logentry",
  "pk": 321,
  "fields": {
    "action_time": "2023-01-02T09:30:37.371Z",
    "user": [
      "root@root.kz"
    ],
    "content_type": [
      "education",
      "schedule"
    ],
    "object_id": "57",
    "object_repr": "информатика-1 - monday - 110",
    "action_flag": 3,
    "change_message": ""
  }
},
{
  "model": "admin.logentry",
  "pk": 322,
  "fields": {
    "action_time": "2023-01-02T09:30:37.372Z",
    "user": [
      "root@root.kz"
    ],
    "content_type": [
      "education",
      "schedule"
    ],
    "object_id": "56",
    "object_repr": "химия-1 - tuesday - 108",
    "action_flag": 3,
    "change_message": ""
  }
},
{
  "model": "admin.logentry",
  "pk": 323,
  "fields": {
    "action_time": "2023-01-02T09:30:37.374Z",
    "user": [
      "root@root.kz"
    ],
    "content_type": [
      "education",
      "schedule"
    ],
    "object_id": "55",
    "object_repr": "математика-3 - monday - 108",
    "action_flag": 3,
    "change_message": ""
  }
},
{
  "model": "admin.logentry",
  "pk": 324,
  "fields": {
    "action_time": "2023-01-02T09:30:37.375Z",
    "user": [
      "root@root.kz"
    ],
    "content_type": [
      "education",
      "schedule"
    ],
    "object_id": "54",
    "object_repr": "химия-1 - monday - 110",
    "action_flag": 3,
    "change_message": ""
  }
},
{
  "model": "admin.logentry",
  "pk": 325,
  "fields": {
    "action_time": "2023-01-02T09:30:37.376Z",
    "user": [
      "root@root.kz"
    ],
    "content_type": [
      "education",
      "schedule"
    ],
    "object_id": "53",
    "object_repr": "физика-1 - monday - 110",
    "action_flag": 3,
    "change_message": ""
  }
},
{
  "model": "admin.logentry",
  "pk": 326,
  "fields": {
    "action_time": "2023-01-02T09:30:37.378Z",
    "user": [
      "root@root.kz"
    ],
    "content_type": [
      "education",
      "schedule"
    ],
    "object_id": "52",
    "object_repr": "математика-2 - monday - 108",
    "action_flag": 3,
    "change_message": ""
  }
},
{
  "model": "admin.logentry",
  "pk": 327,
  "fields": {
    "action_time": "2023-01-02T09:30:37.379Z",
    "user": [
      "root@root.kz"
    ],
    "content_type": [
      "education",
      "schedule"
    ],
    "object_id": "51",
    "object_repr": "химия-1 - monday - 108",
    "action_flag": 3,
    "change_message": ""
  }
},
{
  "model": "admin.logentry",
  "pk": 328,
  "fields": {
    "action_time": "2023-01-02T09:30:37.380Z",
    "user": [
      "root@root.kz"
    ],
    "content_type": [
      "education",
      "schedule"
    ],
    "object_id": "50",
    "object_repr": "информатика-1 - thursday - 109",
    "action_flag": 3,
    "change_message": ""
  }
},
{
  "model": "admin.logentry",
  "pk": 329,
  "fields": {
    "action_time": "2023-01-02T09:30:37.381Z",
    "user": [
      "root@root.kz"
    ],
    "content_type": [
      "education",
      "schedule"
    ],
    "object_id": "49",
    "object_repr": "информатика-1 - wednesday - 108",
    "action_flag": 3,
    "change_message": ""
  }
},
{
  "model": "admin.logentry",
  "pk": 330,
  "fields": {
    "action_time": "2023-01-02T09:30:37.382Z",
    "user": [
      "root@root.kz"
    ],
    "content_type": [
      "education",
      "schedule"
    ],
    "object_id": "48",
    "object_repr": "Колбаса - thursday - 108",
    "action_flag": 3,
    "change_message": ""
  }
},
{
  "model": "admin.logentry",
  "pk": 331,
  "fields": {
    "action_time": "2023-01-02T09:30:37.384Z",
    "user": [
      "root@root.kz"
    ],
    "content_type": [
      "education",
      "schedule"
    ],
    "object_id": "47",
    "object_repr": "физика-1 - monday - 108",
    "action_flag": 3,
    "change_message": ""
  }
},
{
  "model": "admin.logentry",
  "pk": 332,
  "fields": {
    "action_time": "2023-01-02T09:30:37.385Z",
    "user": [
      "root@root.kz"
    ],
    "content_type": [
      "education",
      "schedule"
    ],
    "object_id": "46",
    "object_repr": "математика-3 - thursday - 108",
    "action_flag": 3,
    "change_message": ""
  }
},
{
  "model": "admin.logentry",
  "pk": 333,
  "fields": {
    "action_time": "2023-01-02T09:30:37.386Z",
    "user": [
      "root@root.kz"
    ],
    "content_type": [
      "education",
      "schedule"
    ],
    "object_id": "45",
    "object_repr": "химия-1 - wednesday - 108",
    "action_flag": 3,
    "change_message": ""
  }
},
{
  "model": "admin.logentry",
  "pk": 334,
  "fields": {
    "action_time": "2023-01-02T09:30:37.387Z",
    "user": [
      "root@root.kz"
    ],
    "content_type": [
      "education",
      "schedule"
    ],
    "object_id": "44",
    "object_repr": "информатика-1 - thursday - 109",
    "action_flag": 3,
    "change_message": ""
  }
},
{
  "model": "admin.logentry",
  "pk": 335,
  "fields": {
    "action_time": "2023-01-02T09:30:37.388Z",
    "user": [
      "root@root.kz"
    ],
    "content_type": [
      "education",
      "schedule"
    ],
    "object_id": "43",
    "object_repr": "информатика-1 - monday - 109",
    "action_flag": 3,
    "change_message": ""
  }
},
{
  "model": "admin.logentry",
  "pk": 336,
  "fields": {
    "action_time": "2023-01-02T09:30:37.389Z",
    "user": [
      "root@root.kz"
    ],
    "content_type": [
      "education",
      "schedule"
    ],
    "object_id": "42",
    "object_repr": "физика-2 - monday - 109",
    "action_flag": 3,
    "change_message": ""
  }
},
{
  "model": "admin.logentry",
  "pk": 337,
  "fields": {
    "action_time": "2023-01-02T09:30:37.391Z",
    "user": [
      "root@root.kz"
    ],
    "content_type": [
      "education",
      "schedule"
    ],
    "object_id": "41",
    "object_repr": "химия-3 - tuesday - 109",
    "action_flag": 3,
    "change_message": ""
  }
},
{
  "model": "admin.logentry",
  "pk": 338,
  "fields": {
    "action_time": "2023-01-02T09:30:37.392Z",
    "user": [
      "root@root.kz"
    ],
    "content_type": [
      "education",
      "schedule"
    ],
    "object_id": "40",
    "object_repr": "информатика-3 - saturday - 110",
    "action_flag": 3,
    "change_message": ""
  }
},
{
  "model": "admin.logentry",
  "pk": 339,
  "fields": {
    "action_time": "2023-01-02T09:30:37.393Z",
    "user": [
      "root@root.kz"
    ],
    "content_type": [
      "education",
      "schedule"
    ],
    "object_id": "39",
    "object_repr": "химия-3 - thursday - 108",
    "action_flag": 3,
    "change_message": ""
  }
},
{
  "model": "admin.logentry",
  "pk": 340,
  "fields": {
    "action_time": "2023-01-02T09:30:37.395Z",
    "user": [
      "root@root.kz"
    ],
    "content_type": [
      "education",
      "schedule"
    ],
    "object_id": "38",
    "object_repr": "математика-10 - tuesday - 110",
    "action_flag": 3,
    "change_message": ""
  }
},
{
  "model": "admin.logentry",
  "pk": 341,
  "fields": {
    "action_time": "2023-01-02T09:30:37.396Z",
    "user": [
      "root@root.kz"
    ],
    "content_type": [
      "education",
      "schedule"
    ],
    "object_id": "37",
    "object_repr": "информатика-2 - tuesday - 109",
    "action_flag": 3,
    "change_message": ""
  }
},
{
  "model": "admin.logentry",
  "pk": 342,
  "fields": {
    "action_time": "2023-01-02T09:30:37.397Z",
    "user": [
      "root@root.kz"
    ],
    "content_type": [
      "education",
      "schedule"
    ],
    "object_id": "36",
    "object_repr": "химия-1 - friday - 108",
    "action_flag": 3,
    "change_message": ""
  }
},
{
  "model": "admin.logentry",
  "pk": 343,
  "fields": {
    "action_time": "2023-01-02T09:30:37.398Z",
    "user": [
      "root@root.kz"
    ],
    "content_type": [
      "education",
      "schedule"
    ],
    "object_id": "35",
    "object_repr": "химия-2 - saturday - 108",
    "action_flag": 3,
    "change_message": ""
  }
},
{
  "model": "admin.logentry",
  "pk": 344,
  "fields": {
    "action_time": "2023-01-02T09:30:37.400Z",
    "user": [
      "root@root.kz"
    ],
    "content_type": [
      "education",
      "schedule"
    ],
    "object_id": "34",
    "object_repr": "химия-3 - tuesday - 108",
    "action_flag": 3,
    "change_message": ""
  }
},
{
  "model": "admin.logentry",
  "pk": 345,
  "fields": {
    "action_time": "2023-01-02T09:30:37.401Z",
    "user": [
      "root@root.kz"
    ],
    "content_type": [
      "education",
      "schedule"
    ],
    "object_id": "33",
    "object_repr": "информатика-1 - monday - 108",
    "action_flag": 3,
    "change_message": ""
  }
},
{
  "model": "admin.logentry",
  "pk": 346,
  "fields": {
    "action_time": "2023-01-02T09:30:37.402Z",
    "user": [
      "root@root.kz"
    ],
    "content_type": [
      "education",
      "schedule"
    ],
    "object_id": "32",
    "object_repr": "физика-1 - monday - 108",
    "action_flag": 3,
    "change_message": ""
  }
},
{
  "model": "admin.logentry",
  "pk": 347,
  "fields": {
    "action_time": "2023-01-02T09:30:37.403Z",
    "user": [
      "root@root.kz"
    ],
    "content_type": [
      "education",
      "schedule"
    ],
    "object_id": "31",
    "object_repr": "математика-2 - monday - 108",
    "action_flag": 3,
    "change_message": ""
  }
},
{
  "model": "admin.logentry",
  "pk": 348,
  "fields": {
    "action_time": "2023-01-02T09:30:37.404Z",
    "user": [
      "root@root.kz"
    ],
    "content_type": [
      "education",
      "schedule"
    ],
    "object_id": "30",
    "object_repr": "информатика-1 - monday - 108",
    "action_flag": 3,
    "change_message": ""
  }
},
{
  "model": "admin.logentry",
  "pk": 349,
  "fields": {
    "action_time": "2023-01-02T09:30:37.405Z",
    "user": [
      "root@root.kz"
    ],
    "content_type": [
      "education",
      "schedule"
    ],
    "object_id": "29",
    "object_repr": "химия-1 - monday - 108",
    "action_flag": 3,
    "change_message": ""
  }
},
{
  "model": "admin.logentry",
  "pk": 350,
  "fields": {
    "action_time": "2023-01-02T09:30:37.407Z",
    "user": [
      "root@root.kz"
    ],
    "content_type": [
      "education",
      "schedule"
    ],
    "object_id": "28",
    "object_repr": "математика-1 - monday - 108",
    "action_flag": 3,
    "change_message": ""
  }
},
{
  "model": "admin.logentry",
  "pk": 351,
  "fields": {
    "action_time": "2023-01-02T09:30:37.408Z",
    "user": [
      "root@root.kz"
    ],
    "content_type": [
      "education",
      "schedule"
    ],
    "object_id": "27",
    "object_repr": "физика-1 - monday - 108",
    "action_flag": 3,
    "change_message": ""
  }
},
{
  "model": "admin.logentry",
  "pk": 352,
  "fields": {
    "action_time": "2023-01-02T09:30:37.409Z",
    "user": [
      "root@root.kz"
    ],
    "content_type": [
      "education",
      "schedule"
    ],
    "object_id": "26",
    "object_repr": "химия-1 - monday - 108",
    "action_flag": 3,
    "change_message": ""
  }
},
{
  "model": "admin.logentry",
  "pk": 353,
  "fields": {
    "action_time": "2023-01-02T09:30:37.410Z",
    "user": [
      "root@root.kz"
    ],
    "content_type": [
      "education",
      "schedule"
    ],
    "object_id": "25",
    "object_repr": "физика-1 - monday - 108",
    "action_flag": 3,
    "change_message": ""
  }
},
{
  "model": "admin.logentry",
  "pk": 354,
  "fields": {
    "action_time": "2023-01-02T09:30:37.412Z",
    "user": [
      "root@root.kz"
    ],
    "content_type": [
      "education",
      "schedule"
    ],
    "object_id": "24",
    "object_repr": "математика-1 - monday - 108",
    "action_flag": 3,
    "change_message": ""
  }
},
{
  "model": "admin.logentry",
  "pk": 355,
  "fields": {
    "action_time": "2023-01-02T09:30:37.413Z",
    "user": [
      "root@root.kz"
    ],
    "content_type": [
      "education",
      "schedule"
    ],
    "object_id": "23",
    "object_repr": "информатика-1 - tuesday - 108",
    "action_flag": 3,
    "change_message": ""
  }
},
{
  "model": "admin.logentry",
  "pk": 356,
  "fields": {
    "action_time": "2023-01-02T09:30:37.414Z",
    "user": [
      "root@root.kz"
    ],
    "content_type": [
      "education",
      "schedule"
    ],
    "object_id": "22",
    "object_repr": "Надежда - tuesday - 108",
    "action_flag": 3,
    "change_message": ""
  }
},
{
  "model": "admin.logentry",
  "pk": 357,
  "fields": {
    "action_time": "2023-01-02T09:30:37.416Z",
    "user": [
      "root@root.kz"
    ],
    "content_type": [
      "education",
      "schedule"
    ],
    "object_id": "21",
    "object_repr": "химия-3 - tuesday - 108",
    "action_flag": 3,
    "change_message": ""
  }
},
{
  "model": "admin.logentry",
  "pk": 358,
  "fields": {
    "action_time": "2023-01-02T09:30:37.417Z",
    "user": [
      "root@root.kz"
    ],
    "content_type": [
      "education",
      "schedule"
    ],
    "object_id": "20",
    "object_repr": "химия-1 - tuesday - 108",
    "action_flag": 3,
    "change_message": ""
  }
},
{
  "model": "admin.logentry",
  "pk": 359,
  "fields": {
    "action_time": "2023-01-02T09:30:37.418Z",
    "user": [
      "root@root.kz"
    ],
    "content_type": [
      "education",
      "schedule"
    ],
    "object_id": "19",
    "object_repr": "математика-1 - monday - 108",
    "action_flag": 3,
    "change_message": ""
  }
},
{
  "model": "admin.logentry",
  "pk": 360,
  "fields": {
    "action_time": "2023-01-02T09:30:37.419Z",
    "user": [
      "root@root.kz"
    ],
    "content_type": [
      "education",
      "schedule"
    ],
    "object_id": "18",
    "object_repr": "математика-10 - saturday - 108",
    "action_flag": 3,
    "change_message": ""
  }
},
{
  "model": "admin.logentry",
  "pk": 361,
  "fields": {
    "action_time": "2023-01-02T09:30:37.420Z",
    "user": [
      "root@root.kz"
    ],
    "content_type": [
      "education",
      "schedule"
    ],
    "object_id": "17",
    "object_repr": "физика-1 - monday - 108",
    "action_flag": 3,
    "change_message": ""
  }
},
{
  "model": "admin.logentry",
  "pk": 362,
  "fields": {
    "action_time": "2023-01-02T09:30:37.421Z",
    "user": [
      "root@root.kz"
    ],
    "content_type": [
      "education",
      "schedule"
    ],
    "object_id": "16",
    "object_repr": "физика-1 - saturday - 108",
    "action_flag": 3,
    "change_message": ""
  }
},
{
  "model": "admin.logentry",
  "pk": 363,
  "fields": {
    "action_time": "2023-01-02T09:30:37.422Z",
    "user": [
      "root@root.kz"
    ],
    "content_type": [
      "education",
      "schedule"
    ],
    "object_id": "15",
    "object_repr": "математика-3 - wednesday - 109",
    "action_flag": 3,
    "change_message": ""
  }
},
{
  "model": "admin.logentry",
  "pk": 364,
  "fields": {
    "action_time": "2023-01-02T09:30:37.424Z",
    "user": [
      "root@root.kz"
    ],
    "content_type": [
      "education",
      "schedule"
    ],
    "object_id": "14",
    "object_repr": "информатика-1 - friday - 108",
    "action_flag": 3,
    "change_message": ""
  }
},
{
  "model": "admin.logentry",
  "pk": 365,
  "fields": {
    "action_time": "2023-01-02T09:30:37.425Z",
    "user": [
      "root@root.kz"
    ],
    "content_type": [
      "education",
      "schedule"
    ],
    "object_id": "13",
    "object_repr": "физика-1 - monday - 108",
    "action_flag": 3,
    "change_message": ""
  }
},
{
  "model": "admin.logentry",
  "pk": 366,
  "fields": {
    "action_time": "2023-01-02T09:30:37.426Z",
    "user": [
      "root@root.kz"
    ],
    "content_type": [
      "education",
      "schedule"
    ],
    "object_id": "12",
    "object_repr": "информатика-3 - wednesday - 108",
    "action_flag": 3,
    "change_message": ""
  }
},
{
  "model": "admin.logentry",
  "pk": 367,
  "fields": {
    "action_time": "2023-01-02T09:30:37.428Z",
    "user": [
      "root@root.kz"
    ],
    "content_type": [
      "education",
      "schedule"
    ],
    "object_id": "11",
    "object_repr": "информатика-1 - thursday - 109",
    "action_flag": 3,
    "change_message": ""
  }
},
{
  "model": "admin.logentry",
  "pk": 368,
  "fields": {
    "action_time": "2023-01-02T09:30:37.429Z",
    "user": [
      "root@root.kz"
    ],
    "content_type": [
      "education",
      "schedule"
    ],
    "object_id": "10",
    "object_repr": "химия-1 - wednesday - 109",
    "action_flag": 3,
    "change_message": ""
  }
},
{
  "model": "admin.logentry",
  "pk": 369,
  "fields": {
    "action_time": "2023-01-02T09:30:37.430Z",
    "user": [
      "root@root.kz"
    ],
    "content_type": [
      "education",
      "schedule"
    ],
    "object_id": "9",
    "object_repr": "математика-3 - friday - 109",
    "action_flag": 3,
    "change_message": ""
  }
},
{
  "model": "admin.logentry",
  "pk": 370,
  "fields": {
    "action_time": "2023-01-02T09:30:37.432Z",
    "user": [
      "root@root.kz"
    ],
    "content_type": [
      "education",
      "schedule"
    ],
    "object_id": "8",
    "object_repr": "математика-3 - wednesday - 109",
    "action_flag": 3,
    "change_message": ""
  }
},
{
  "model": "admin.logentry",
  "pk": 371,
  "fields": {
    "action_time": "2023-01-02T09:30:37.433Z",
    "user": [
      "root@root.kz"
    ],
    "content_type": [
      "education",
      "schedule"
    ],
    "object_id": "7",
    "object_repr": "математика-1 - wednesday - 108",
    "action_flag": 3,
    "change_message": ""
  }
},
{
  "model": "admin.logentry",
  "pk": 372,
  "fields": {
    "action_time": "2023-01-02T09:30:37.434Z",
    "user": [
      "root@root.kz"
    ],
    "content_type": [
      "education",
      "schedule"
    ],
    "object_id": "6",
    "object_repr": "математика-1 - monday - 109",
    "action_flag": 3,
    "change_message": ""
  }
},
{
  "model": "admin.logentry",
  "pk": 373,
  "fields": {
    "action_time": "2023-01-02T09:30:37.435Z",
    "user": [
      "root@root.kz"
    ],
    "content_type": [
      "education",
      "schedule"
    ],
    "object_id": "5",
    "object_repr": "физика-2 - friday - 110",
    "action_flag": 3,
    "change_message": ""
  }
},
{
  "model": "admin.logentry",
  "pk": 374,
  "fields": {
    "action_time": "2023-01-02T09:30:37.436Z",
    "user": [
      "root@root.kz"
    ],
    "content_type": [
      "education",
      "schedule"
    ],
    "object_id": "4",
    "object_repr": "физика-2 - wednesday - 110",
    "action_flag": 3,
    "change_message": ""
  }
},
{
  "model": "admin.logentry",
  "pk": 375,
  "fields": {
    "action_time": "2023-01-02T09:30:37.438Z",
    "user": [
      "root@root.kz"
    ],
    "content_type": [
      "education",
      "schedule"
    ],
    "object_id": "3",
    "object_repr": "физика-1 - wednesday - 108",
    "action_flag": 3,
    "change_message": ""
  }
},
{
  "model": "admin.logentry",
  "pk": 376,
  "fields": {
    "action_time": "2023-01-02T09:30:37.439Z",
    "user": [
      "root@root.kz"
    ],
    "content_type": [
      "education",
      "schedule"
    ],
    "object_id": "2",
    "object_repr": "физика-1 - tuesday - 108",
    "action_flag": 3,
    "change_message": ""
  }
},
{
  "model": "admin.logentry",
  "pk": 377,
  "fields": {
    "action_time": "2023-01-02T09:30:37.440Z",
    "user": [
      "root@root.kz"
    ],
    "content_type": [
      "education",
      "schedule"
    ],
    "object_id": "1",
    "object_repr": "физика-1 - monday - 109",
    "action_flag": 3,
    "change_message": ""
  }
},
{
  "model": "admin.logentry",
  "pk": 378,
  "fields": {
    "action_time": "2023-01-02T09:30:44.386Z",
    "user": [
      "root@root.kz"
    ],
    "content_type": [
      "education",
      "schedule"
    ],
    "object_id": "61",
    "object_repr": "информатика-2 - wednesday - 108",
    "action_flag": 3,
    "change_message": ""
  }
},
{
  "model": "admin.logentry",
  "pk": 379,
  "fields": {
    "action_time": "2023-01-02T09:30:44.392Z",
    "user": [
      "root@root.kz"
    ],
    "content_type": [
      "education",
      "schedule"
    ],
    "object_id": "60",
    "object_repr": "физика-1 - thursday - 108",
    "action_flag": 3,
    "change_message": ""
  }
},
{
  "model": "admin.logentry",
  "pk": 380,
  "fields": {
    "action_time": "2023-01-02T10:05:12.291Z",
    "user": [
      "root@root.kz"
    ],
    "content_type": [
      "education",
      "schedule"
    ],
    "object_id": "66",
    "object_repr": "физика-1 - monday - 108",
    "action_flag": 2,
    "change_message": "[{\"changed\": {\"fields\": [\"Is deleted\"]}}]"
  }
},
{
  "model": "admin.logentry",
  "pk": 381,
  "fields": {
    "action_time": "2023-01-02T10:05:59.146Z",
    "user": [
      "root@root.kz"
    ],
    "content_type": [
      "education",
      "schedule"
    ],
    "object_id": "65",
    "object_repr": "химия-1 - monday - 108",
    "action_flag": 2,
    "change_message": "[{\"changed\": {\"fields\": [\"Is deleted\"]}}]"
  }
},
{
  "model": "admin.logentry",
  "pk": 382,
  "fields": {
    "action_time": "2023-01-02T10:06:06.434Z",
    "user": [
      "root@root.kz"
    ],
    "content_type": [
      "education",
      "schedule"
    ],
    "object_id": "64",
    "object_repr": "физика-2 - monday - 108",
    "action_flag": 2,
    "change_message": "[{\"changed\": {\"fields\": [\"Is deleted\"]}}]"
  }
},
{
  "model": "admin.logentry",
  "pk": 383,
  "fields": {
    "action_time": "2023-01-02T10:06:11.834Z",
    "user": [
      "root@root.kz"
    ],
    "content_type": [
      "education",
      "schedule"
    ],
    "object_id": "63",
    "object_repr": "химия-1 - monday - 108",
    "action_flag": 2,
    "change_message": "[{\"changed\": {\"fields\": [\"Is deleted\"]}}]"
  }
},
{
  "model": "admin.logentry",
  "pk": 384,
  "fields": {
    "action_time": "2023-01-02T10:06:16.622Z",
    "user": [
      "root@root.kz"
    ],
    "content_type": [
      "education",
      "schedule"
    ],
    "object_id": "62",
    "object_repr": "физика-1 - monday - 108",
    "action_flag": 2,
    "change_message": "[{\"changed\": {\"fields\": [\"Is deleted\"]}}]"
  }
},
{
  "model": "admin.logentry",
  "pk": 385,
  "fields": {
    "action_time": "2023-01-02T10:08:05.266Z",
    "user": [
      "root@root.kz"
    ],
    "content_type": [
      "education",
      "schedule"
    ],
    "object_id": "66",
    "object_repr": "физика-1 - monday - 108",
    "action_flag": 2,
    "change_message": "[{\"changed\": {\"fields\": [\"Is deleted\"]}}]"
  }
},
{
  "model": "admin.logentry",
  "pk": 386,
  "fields": {
    "action_time": "2023-01-02T10:10:06.124Z",
    "user": [
      "root@root.kz"
    ],
    "content_type": [
      "education",
      "schedule"
    ],
    "object_id": "66",
    "object_repr": "физика-1 - monday - 108",
    "action_flag": 2,
    "change_message": "[{\"changed\": {\"fields\": [\"Is deleted\"]}}]"
  }
},
{
  "model": "admin.logentry",
  "pk": 387,
  "fields": {
    "action_time": "2023-01-02T10:15:50.102Z",
    "user": [
      "root@root.kz"
    ],
    "content_type": [
      "education",
      "schedule"
    ],
    "object_id": "68",
    "object_repr": "физика-2 - monday - 108",
    "action_flag": 3,
    "change_message": ""
  }
},
{
  "model": "admin.logentry",
  "pk": 388,
  "fields": {
    "action_time": "2023-01-02T10:15:50.106Z",
    "user": [
      "root@root.kz"
    ],
    "content_type": [
      "education",
      "schedule"
    ],
    "object_id": "67",
    "object_repr": "химия-3 - monday - 108",
    "action_flag": 3,
    "change_message": ""
  }
}
]
